CATEGORY,,INDEPENDENT VARIABLES,,,,,,,DEPENDENT VARIABLES,,,,
Dates,Entity ID,Log Board_Size,PCT_IND_DIR,PCT_Women_On_Board,CEO_DUALITY,Log_Audit_Comm,BOARD_AVERAGE_TENURE,EQY_INST_PCT_SH_OUT,TOT_DEBT_TO_TOT_EQY,RETURN_ON_ASSET,RETURN_COM_EQY,EPS_GROWTH,TOBIN_Q_RATIO
1,1,2.079,0.75,0,0,1.386294361,12.23,0.72029,0.698695,0.056405,0.09697,0.764228,0.013169
2,1,2.197,0.778,0.111,0,1.609437912,11.79,0.78153,0.584852,0.046709,0.079566,-0.092166,0.01457
3,1,2.079,0.75,0.125,0,1.386294361,11.42,0.91426,0.570203,0.044081,0.073022,0.060914,0.014591
4,1,2.197,0.778,0.111,0,1.098612289,9.5,1.10067,0.581685,0.033026,0.054246,-0.138756,0.01485
5,1,2.197,0.778,0.111,0,1.386294361,9.62,1.03005,0.515677,0.03413,0.054749,0.088889,0.015662
6,1,2.303,0.8,0.2,0,1.098612289,9.36,1.17991,0.482256,0.0279,0.043372,-0.102041,0.013787
7,1,2.303,0.8,0.2,0,1.098612289,7.43,1.19705,0.493557,0.026835,0.041658,0.017045,0.013528
8,1,2.197,0.778,0.222,0,1.098612289,7.69,1.04115,0.418975,0.025534,0.037679,0.027933,0.012893
1,2,2.079,0.625,0,0,1.098612289,3.2,1.01348,0.641486,-0.009601,-0.028883,-0.176471,0.010934
2,2,2.197,0.556,0.111,0,1.098612289,3.41,1.10375,0.569996,0.000901,-0.011207,0.65,0.012409
3,2,2.197,0.556,0.111,0,1.098612289,4.41,0.91909,0.402359,0.009691,-0.006148,0.428571,0.012572
4,2,2.197,0.556,0.111,0,1.098612289,5.41,0.98638,0.469311,0.012297,0.005578,0,0.011689
5,2,2.303,0.6,0.2,0,1.386294361,4.59,0.97066,0.470775,0.015583,0.019481,2.625,0.01377
6,2,2.565,0.769,0.231,0,1.609437912,4.43,0.96381,0.435294,0.015018,0.018174,-0.034483,0.014789
7,2,2.565,0.769,0.231,0,1.609437912,5.43,1.00758,0.575873,0.018398,0.025575,0.5,0.01827
8,2,2.565,0.846,0.231,0,1.609437912,6.43,1.01814,0.629437,0.02361,0.042005,0.714286,0.013605
1,3,2.303,0.9,0.3,1,1.098612289,9.19,1.03414,2.550197,0.028446,0.178776,-0.29703,0.023537
2,3,2.303,0.9,0.3,1,1.098612289,10.19,1.01975,2.297304,0.033103,0.17945,0.408451,0.023066
3,3,2.303,0.9,0.3,1,1.386294361,9.86,1.01896,2.540148,0.038659,0.208813,0.345,0.026541
4,3,2.303,0.9,0.3,1,1.098612289,10.86,1.17038,3.064698,0.03734,0.211987,0.037175,0.02952
5,3,2.398,0.909,0.273,1,1.098612289,10.81,1.00492,4.715466,0.049802,0.363335,0.530466,0.0326
6,3,2.398,0.909,0.273,0,1.098612289,10.31,0.97546,7.67949,0.037554,0.369574,-0.107728,0.030249
7,3,2.565,0.923,0.308,0,1.386294361,9.65,0.99978,5.734387,0.043847,0.559735,0.493438,0.028348
8,3,2.565,0.923,0.385,0,1.386294361,9.32,0.9798,3.791836,0.025763,0.331494,-0.326889,0.023851
1,4,2.079,0.75,0.125,1,1.098612289,10.32,1.08678,0.916564,0.01695,0.033064,0.646465,0.013319
2,4,1.946,0.714,0.143,1,1.098612289,10.27,1.19486,0.773655,-0.006852,-0.036478,0,0.01489
3,4,2.079,0.75,0.125,1,1.098612289,9.93,1.09251,0.73495,0.015058,0.027552,0,0.015912
4,4,2.079,0.75,0.125,1,1.098612289,10.93,1.12405,0.693914,0.028553,0.055346,1.220126,0.013813
5,4,2.079,0.75,0.125,1,1.098612289,11.93,1.07303,0.693385,0.022107,0.043484,-0.113314,0.015793
6,4,2.197,0.778,0.222,1,1.098612289,11.58,1.0023,0.598295,0.037409,0.073894,0.926518,0.015535
7,4,1.946,0.857,0.286,0,1.386294361,10.8,1.03795,0.489165,0.021537,0.040365,-0.364842,0.016303
8,4,2.079,0.875,0.375,0,1.098612289,10.43,1.03866,0.465827,0.01587,0.029195,-0.169713,0.011661
1,5,2.303,0.9,0.1,1,1.609437912,8.02,1.02513,0.655493,0.044874,0.078577,0.123732,0.019087
2,5,2.398,0.909,0.182,1,1.386294361,6.6,1.00827,0.690712,0.059428,0.103339,0.359206,0.017923
3,5,2.398,0.909,0.182,1,1.386294361,5.88,1.00336,0.705157,0.048339,0.085306,-0.155378,0.017738
4,5,2.398,0.909,0.182,1,1.609437912,6.88,0.98942,0.661937,0.05297,0.092721,0.108491,0.017331
5,5,2.303,0.9,0.2,1,1.386294361,7.43,0.96247,0.676472,0.041917,0.072701,-0.2,0.019555
6,5,2.303,0.9,0.2,1,1.386294361,8.43,0.9683,0.720216,0.043196,0.076135,0.044326,0.016059
7,5,2.485,0.833,0.25,1,1.609437912,6.69,0.93991,0.75619,0.051369,0.09263,0.220713,0.022244
8,5,2.565,0.769,0.231,1,1.791759469,7.12,0.9895,0.753246,0.056332,0.102477,0.130737,0.015546
1,6,2.197,0.667,0.111,0,1.098612289,2.32,1.02582,2.04577,0.0202,0.067055,1.300405,0.015111
2,6,2.197,0.889,0.222,0,1.386294361,1.96,1.16941,1.994728,0.029295,0.095113,0.4,0.014838
3,6,2.079,0.875,0.25,0,1.098612289,2.8,1.03377,1.951705,0.03251,0.102981,0.076923,0.013032
4,6,2.079,0.875,0.25,0,1.098612289,3.8,1.12087,1.722741,0.04211,0.127526,0.234694,0.011879
5,6,2.197,0.889,0.333,0,1.098612289,4.37,1.08498,1.787955,0.03354,0.098486,-0.239669,0.014535
6,6,2.197,0.889,0.333,0,1.098612289,5.37,1.06826,1.942003,0.014701,0.044676,-0.554348,0.012669
7,6,2.197,0.889,0.333,0,1.098612289,5.65,1.03133,1.912277,0.03232,0.100087,1.219512,0.01577
8,6,2.197,0.889,0.333,0,1.098612289,6.65,1.02358,1.771521,0.042132,0.126875,0.296703,0.014663
1,7,2.398,0.727,0.091,0,1.098612289,9.49,1.00816,1.142212,0.030499,0.104331,0.318021,0.017688
2,7,2.398,0.727,0.182,0,1.386294361,8.59,1.0103,1.212333,0.027567,0.091029,-0.123324,0.017314
3,7,2.398,0.818,0.182,0,1.386294361,9.59,1.02804,1.267716,0.024196,0.080918,-0.103976,0.017461
4,7,2.398,0.818,0.182,0,1.098612289,8.69,1.07595,1.340127,0.029415,0.101326,0.266212,0.015776
5,7,2.398,0.818,0.364,0,1.098612289,6.86,1.01417,1.525195,0.025109,0.091765,-0.107817,0.017463
6,7,2.398,0.818,0.364,0,1.098612289,7.86,1.0091,1.615761,0.039541,0.153274,0.673716,0.013904
7,7,2.398,0.818,0.364,0,1.098612289,8.35,1.02006,1.659322,0.022342,0.085334,-0.425993,0.015453
8,7,2.398,0.818,0.364,1,1.098612289,9.35,1.06713,1.755508,0.036457,0.141882,0.701258,0.011843
1,8,2.398,0.909,0.091,0,1.386294361,10.72,1.00311,1.605735,0.058876,0.220064,0.115646,0.018028
2,8,2.303,0.9,0.2,0,1.386294361,6.8,1.03586,1.243867,0.052481,0.199741,0.042683,0.017056
3,8,2.485,0.917,0.25,0,1.609437912,6.67,1.00746,0.697165,0.061971,0.19557,0.204678,0.019035
4,8,2.398,0.909,0.273,0,1.609437912,5.42,1.04839,0.618608,0.084466,0.23488,0.519417,0.016355
5,8,2.398,0.909,0.273,0,1.609437912,6.15,0.98905,0.648188,0.086488,0.229577,0.220447,0.018819
6,8,2.485,0.917,0.25,0,1.609437912,6.62,1.01464,0.561511,0.043929,0.112987,-0.413613,0.017743
7,8,2.303,0.9,0.3,0,1.609437912,5.78,1.06333,0.460363,0.091571,0.23536,1.446429,0.0225
8,8,2.398,0.909,0.273,0,1.609437912,5.24,1.04819,0.416393,0.066094,0.171825,-0.20438,0.01784
1,9,2.485,0.833,0.083,0,1.386294361,11.93,1.15123,1.713864,0.070612,0.249274,0.593407,0.021422
2,9,2.485,0.833,0.083,0,1.386294361,11.6,1.10436,1.610554,0.016003,0.047404,-0.344828,0.020464
3,9,2.398,0.909,0.091,0,1.386294361,12.24,1.11512,1.309629,0.01621,0.04242,0.063158,0.020677
4,9,2.485,0.833,0.167,0,1.386294361,12.22,1.23181,1.441708,0.019141,0.049393,0.217822,0.020732
5,9,2.485,0.833,0.167,0,1.386294361,13.22,1.0658,2.281533,0.024151,0.079638,0.463415,0.023078
6,9,2.708,0.867,0.2,0,1.791759469,11.4,1.06661,2.686502,0.027349,0.10918,0.311111,0.025257
7,9,2.485,0.833,0.25,0,1.609437912,9.99,1.07788,3.270647,0.028172,0.123709,0.135829,0.031036
8,9,2.303,0.8,0.3,0,1.386294361,8.68,0.97401,3.753524,0.04297,0.213281,0.44373,0.023176
1,10,2.197,0.889,0.111,0,1.386294361,8.19,1.06098,1.270189,0.047085,0.126331,6.590129,0.011837
2,10,2.197,0.889,0.111,0,1.386294361,8.73,1.04784,1.177022,0.002975,-0.002133,0,0.014561
3,10,2.303,0.9,0.2,0,1.609437912,8.78,1.0044,1.23652,0.01864,0.040454,0,0.014327
4,10,2.079,0.875,0.125,0,1.386294361,10.06,1.20061,1.103587,0.019942,0.048401,0.232143,0.012005
5,10,2.079,0.875,0.125,0,1.386294361,11.06,1.0331,1.057553,0.051047,0.117445,1.492754,0.014186
6,10,2.197,0.889,0.222,0,1.386294361,10.75,1.09604,1.231814,0.024554,0.058308,-0.505814,0.013102
7,10,2.303,0.9,0.2,0,1.609437912,10.66,1.1374,1.366795,0.018356,0.046618,-0.235294,0.013564
8,10,2.303,0.9,0.2,0,1.609437912,10.34,1.15082,1.293409,0.040618,0.104722,0.969231,0.0129
1,12,2.303,0.8,0.1,1,1.386294361,16.27,1.0637,0.916705,0.041272,0.085563,-0.224924,0.016637
2,12,2.303,0.8,0.1,1,1.098612289,17.27,1.17367,0.781881,0.135892,0.271724,0.886275,0.017473
3,12,2.303,0.8,0.3,1,1.386294361,13.87,1.01953,0.618931,0.032195,0.059552,-0.555094,0.018587
4,12,2.303,0.8,0.3,1,1.386294361,14.87,1.00191,0.675321,0.025195,0.045283,-0.238318,0.018134
5,12,2.303,0.8,0.3,1,1.386294361,15.87,0.95498,0.685923,0.033871,0.06266,0.368098,0.020262
6,12,2.303,0.8,0.3,1,1.386294361,15.37,1.00267,0.904179,0.017768,0.034961,-0.443946,0.019048
7,12,2.303,0.8,0.3,1,1.098612289,16.37,0.9776,0.74547,0.040052,0.079389,1.395161,0.028355
8,12,2.303,0.8,0.3,1,1.098612289,15.67,1.01337,0.729557,0.075542,0.142336,1.043771,0.017685
1,13,2.079,0.875,0.25,0,1.609437912,5.69,1.12007,0.737712,0.026338,0.048839,2.307692,0.022144
2,13,2.079,0.875,0.25,0,1.386294361,6.69,1.10312,0.930113,0.026679,0.049623,0.046512,0.019109
3,13,2.197,0.889,0.333,0,1.386294361,6.89,1.13593,0.967627,0.038257,0.08177,0.644444,0.020269
4,13,2.079,0.875,0.375,0,1.386294361,7.09,1.17274,0.985796,0.044912,0.098172,0.202703,0.019751
5,13,2.079,0.875,0.375,0,1.386294361,8.09,1.0548,1.058163,0.043461,0.09639,0,0.020656
6,13,2.079,0.875,0.375,0,1.386294361,9.09,1.11226,1.188306,0.037608,0.091212,-0.044944,0.020051
7,13,2.079,0.875,0.375,0,1.386294361,10.09,0.963,1.089123,0.039463,0.095022,0.294118,0.025076
8,13,2.197,0.889,0.333,0,1.386294361,8.2,1.05283,1.073432,0.045249,0.102238,0.172727,0.019823
1,14,2.079,0.875,0.25,0,1.098612289,8.59,1.03519,0.426995,0.047701,0.074783,2.666667,0.011199
2,14,2.079,0.875,0.25,0,1.386294361,4.75,0.76406,0.54924,0.023381,0.03829,-0.454545,0.012156
3,14,2.079,0.875,0.375,1,1.609437912,6.31,1.14681,0.386968,0.05164,0.082963,1.166667,0.012664
4,14,2.079,0.875,0.25,1,1.609437912,7.13,1.11966,0.376643,0.018959,0.028661,-0.639423,0.011356
5,14,2.303,0.7,0.2,0,1.609437912,6.38,1.04198,0.502046,0.026628,0.042273,0.56,0.012362
6,14,2.079,0.75,0.25,0,1.609437912,5.8,1.05214,0.481081,0.033282,0.053776,0.367521,0.010717
7,14,2.197,0.778,0.333,0,1.386294361,5.57,1.10636,0.486373,0.03864,0.061676,0.16875,0.011945
8,14,2.197,0.889,0.333,0,1.386294361,6.57,1.01831,0.502395,0.022465,0.036289,-0.406417,0.008945
1,15,2.079,0.625,0.125,0,1.098612289,6.94,1.04009,1.582818,0.009727,0.030175,0.288026,0.014376
2,15,2.197,0.667,0.111,0,1.098612289,7.16,1.06779,1.449713,0.012485,0.044393,0.429648,0.014753
3,15,2.197,0.667,0.111,0,1.098612289,8.16,1.00823,1.055187,0.011875,0.043336,0.019332,0.015456
4,15,2.197,0.667,0.111,0,1.098612289,9.16,0.99734,1.074212,0.014025,0.047971,0.172414,0.014124
5,15,2.303,0.7,0.2,0,1.098612289,9.18,1.04562,1.059256,0.041305,0.142231,2.073529,0.015334
6,15,2.303,0.7,0.2,0,1.098612289,10.18,1.02126,1.190144,0.005422,0.019584,-0.866029,0.0129
7,15,2.303,0.7,0.3,0,1.098612289,10.23,1.02586,1.25997,0.007016,0.026897,0.321429,0.013703
8,15,2.398,0.727,0.273,0,1.098612289,10.05,1.03052,1.216793,0.010171,0.039026,0.486486,0.010199
1,16,1.946,0.857,0.143,0,1.098612289,7.04,1.1085,1.308109,0.028286,0.072479,0.57,0.016903
2,16,2.197,0.889,0.111,0,1.386294361,6.35,1.18722,1.137621,0.036051,0.092072,0.407643,0.019495
3,16,2.485,0.917,0.167,0,1.609437912,5.63,1.07318,0.77892,0.014779,0.026372,-0.552036,0.01669
4,16,2.303,0.9,0.1,0,1.386294361,5.53,1.17428,1.020916,0.014666,0.02828,0.222222,0.015639
5,16,2.197,0.889,0.111,0,1.386294361,6.99,1.18713,1.015627,0.024758,0.058481,0.958678,0.017259
6,16,2.485,0.917,0.25,0,1.609437912,6.23,1.17159,0.799067,0.012052,0.021042,-0.57384,0.016193
7,16,2.398,0.909,0.273,0,1.386294361,7.49,1.22637,0.807632,0.047187,0.09888,4.893806,0.019089
8,16,2.398,0.909,0.273,0,1.386294361,7.76,1.1426,0.920789,0.009707,0.019787,-0.801772,0.012981
1,17,1.946,0.714,0,0,1.386294361,2.5,0.79035,0.438287,0.009621,0.013625,0,0.012705
2,17,1.946,0.714,0,0,1.386294361,3.5,1.01846,0.547964,0.013245,0.020383,0.466667,0.012907
3,17,1.946,0.857,0,0,1.386294361,4.5,1.08125,0.57714,0.010818,0.017767,0.045455,0.011899
4,17,2.079,0.875,0.125,0,1.386294361,4.94,0.95125,0.619984,0.013538,0.022623,0.304348,0.011315
5,17,2.079,0.875,0.125,0,1.098612289,5.94,1.024,0.676693,0.017547,0.030604,0.3,0.012736
6,17,2.079,0.875,0.125,0,1.386294361,6.94,1.10825,0.551515,0.015094,0.025692,-0.179487,0.012467
7,17,2.079,0.875,0.125,0,1.098612289,7.94,1.01904,0.673613,0.017499,0.030653,0.21875,0.01269
8,17,2.197,0.889,0.222,0,1.098612289,8.04,0.98182,0.641661,0.020305,0.036581,0.179487,0.010993
1,18,2.303,0.7,0.1,0,1.386294361,18.87,0.99374,1.813241,0.029568,0.08502,-0.026144,0.01751
2,18,2.197,0.667,0.111,0,1.098612289,18.56,1.00334,1.6928,0.05477,0.16018,0.966443,0.019988
3,18,2.303,0.7,0.1,0,1.098612289,17.65,1.00926,1.475486,0.044024,0.119935,-0.163823,0.02189
4,18,2.303,0.7,0.1,0,1.098612289,18.65,1.01619,1.222265,0.043333,0.107116,0.020408,0.021471
5,18,2.197,0.667,0.111,0,1.098612289,19.44,0.85169,0.993571,0.054,0.115669,0.3,0.025568
6,18,2.303,0.7,0.2,0,1.386294361,18.44,0.97502,1.040594,0.041149,0.087736,-0.147692,0.025467
7,18,2.079,0.75,0.25,0,1.098612289,13.55,1.03066,0.938411,0.053084,0.110967,0.411552,0.034361
8,18,2.197,0.778,0.222,0,1.098612289,13.04,1.04374,0.96325,0.051352,0.105693,0.117647,0.021147
1,19,2.398,0.909,0.182,0,1.386294361,8.18,0.97556,2.141706,0.040712,0.166328,0.091549,0.024199
2,19,2.398,0.909,0.182,0,1.386294361,8.09,1.04485,1.933064,0.050372,0.197443,0.245161,0.025217
3,19,2.303,0.9,0.3,0,1.098612289,8.59,1.05576,1.999939,0.055745,0.214775,0.129534,0.029363
4,19,2.197,0.889,0.333,0,1.098612289,8.49,1.05388,1.967875,0.056427,0.210762,0.09633,0.029391
5,19,2.197,0.778,0.333,0,1.386294361,9.49,0.99031,1.834208,0.069119,0.235412,0.288703,0.037865
6,19,2.303,0.8,0.3,0,1.386294361,9.53,1.00179,2.056573,0.053274,0.183828,-0.181818,0.033337
7,19,2.303,0.8,0.3,0,1.386294361,10.01,0.97011,2.223757,0.05397,0.198174,0.134921,0.037993
8,19,2.303,0.8,0.3,0,1.386294361,11.01,1.01599,2.25111,0.052707,0.198993,0.06993,0.029259
1,20,2.197,0.778,0.111,0,1.098612289,8.72,1.32141,2.375265,0.020704,0.074877,0,0.025481
2,20,2.303,0.8,0.1,0,1.098612289,8.85,1.09143,1.548291,0.011043,0.035662,-0.498462,0.02678
3,20,2.197,0.778,0.111,0,1.098612289,10.72,1.04981,1.471639,0.014887,0.041546,0.858896,0.0255
4,20,2.197,0.778,0.111,0,1.098612289,10.45,1.09233,1.569755,0.018767,0.051938,0.511551,0.020492
5,20,2.303,0.8,0.1,0,1.098612289,10.33,1.00689,1.503025,0.022956,0.063195,0.316594,0.027089
6,20,2.303,0.8,0.3,0,1.098612289,9.38,1.01879,1.309308,0.014509,0.037975,-0.300166,0.029634
7,20,2.197,0.778,0.333,0,1.098612289,9.3,1.04101,1.377766,0.018213,0.046495,0.319905,0.033542
8,20,2.398,0.818,0.364,0,1.098612289,8.53,1.04053,1.431409,0.024192,0.062922,0.38061,0.02622
1,21,2.565,0.846,0.231,0,1.791759469,8.43,1.02867,0.969656,0.037781,0.083201,0.369942,0.018363
2,21,2.565,0.846,0.231,0,1.609437912,9.43,1.00656,0.824286,0.195925,0.415912,3.957552,0.016451
3,21,2.485,0.833,0.25,0,1.609437912,9.99,0.98352,0.826256,0.029241,0.058868,-0.860418,0.016448
4,21,2.485,0.833,0.25,0,1.791759469,9.63,0.97255,0.818085,0.032102,0.064347,0.085366,0.016987
5,21,2.565,0.769,0.231,0,1.609437912,8.54,0.97255,0.85105,0.04669,0.094766,0.466292,0.01935
6,21,2.565,0.769,0.308,0,1.386294361,8.16,0.95979,0.754194,0.044073,0.087693,-0.061303,0.015709
7,21,2.485,0.75,0.333,0,1.609437912,9.03,0.95125,0.740514,0.064302,0.124242,0.453061,0.020897
8,21,2.303,0.7,0.3,0,1.386294361,10.9,0.96954,0.661012,0.037543,0.070176,-0.421348,0.015535
1,22,2.485,0.833,0.083,0,1.386294361,14.49,1.06713,0.839754,0.019725,0.037458,0.690821,0.017902
2,22,2.197,0.778,0.111,0,1.098612289,17.16,1.15715,0.883579,0.034259,0.066546,0.794286,0.017402
3,22,2.197,0.778,0.111,0,1.098612289,18.16,1.01865,0.891993,0.035047,0.069458,0.047771,0.017736
4,22,2.197,0.778,0.333,0,1.386294361,13.74,1.1628,0.881164,0.031364,0.062203,-0.101824,0.018026
5,22,2.197,0.778,0.333,0,1.386294361,14.74,1.02187,0.921379,0.035018,0.070356,0.128596,0.020754
6,22,2.197,0.778,0.333,0,1.098612289,14.76,1.0427,1.022775,0.044371,0.093098,0.302849,0.017291
7,22,2.197,0.778,0.333,0,1.098612289,15.76,1.15428,1.028344,0.037677,0.081466,-0.135788,0.02307
8,22,2.303,0.7,0.4,0,1.098612289,15.11,1.17301,1.021575,0.032188,0.069738,-0.165113,0.016445
1,23,1.946,0.571,0.143,0,1.386294361,11.07,1.04144,1.490186,0.036251,0.099032,0.025974,0.024592
2,23,1.946,0.571,0.143,0,1.386294361,11.95,1.19215,1.658686,0.05563,0.168957,0.848101,0.020545
3,23,1.946,0.571,0.143,0,1.386294361,12.52,1.16829,1.672004,0.065833,0.208464,0.297945,0.021619
4,23,1.946,0.571,0.286,0,1.386294361,11.56,1.27718,1.727392,0.054254,0.174327,-0.131926,0.021578
5,23,2.079,0.75,0.25,0,1.386294361,11.07,1.03749,1.821296,0.051277,0.169557,-0.006079,0.023058
6,23,2.197,0.778,0.222,0,1.386294361,10.56,1.06338,2.046844,0.053745,0.189388,0.134557,0.023486
7,23,2.197,0.889,0.222,0,1.386294361,11.56,1.04422,1.635273,0.083305,0.292235,0.671159,0.036013
8,23,2.303,0.9,0.2,0,1.386294361,11.33,1.03876,1.853847,0.076026,0.269973,0.033871,0.02352
1,24,1.792,0.833,0,0,1.098612289,10.25,1.03132,1.286094,0.027893,0.069557,2.722222,0.015107
2,24,1.946,0.714,0,0,1.098612289,9.69,1.03643,1.048627,0.04406,0.104757,0.567164,0.017316
3,24,2.079,0.75,0.125,0,1.386294361,9.38,0.98421,0.878797,0.070263,0.150946,0.619048,0.017973
4,24,2.079,0.75,0.125,0,1.386294361,10.38,0.98536,0.772531,0.053664,0.10623,-0.229412,0.016363
5,24,2.079,0.75,0.125,0,1.386294361,11.38,1.0033,0.837438,0.071688,0.139744,0.442748,0.019967
6,24,1.946,0.857,0.286,0,1.386294361,9.55,1.01158,0.830612,0.053617,0.106889,-0.190476,0.01932
7,24,1.946,0.857,0.286,0,1.386294361,9.08,0.97433,0.726131,0.067995,0.132127,0.366013,0.025618
8,24,1.946,0.857,0.286,0,1.386294361,10.08,0.994,0.825423,0.078642,0.154184,0.301435,0.017908
1,25,1.946,0.857,0.286,0,1.386294361,12.77,1.01738,1.376772,0.04445,0.129106,0.256198,0.027304
2,25,1.946,0.857,0.286,0,1.386294361,13.77,0.97973,1.260831,0.048362,0.137754,0.154605,0.025239
3,25,1.946,0.857,0.286,0,1.386294361,11.67,1.0295,1.296957,0.049562,0.141137,0.131054,0.022111
4,25,1.946,0.857,0.286,0,1.386294361,12.67,1.01846,1.240314,0.038504,0.108962,-0.198992,0.020459
5,25,1.946,0.714,0.286,0,1.098612289,12.01,0.94975,1.26168,0.054089,0.151636,0.449686,0.020815
6,25,2.197,0.778,0.333,0,1.386294361,10.19,1.00498,1.651189,0.018289,0.052853,-0.64859,0.015556
7,25,1.946,0.857,0.429,0,1.386294361,9.18,0.99238,1.45723,0.03434,0.107288,1.012346,0.020882
8,25,1.946,0.857,0.429,0,1.386294361,9.65,1.0235,1.392982,0.048623,0.144764,0.444785,0.016588
1,27,2.303,0.9,0.1,0,1.098612289,4.98,0.90843,1.033873,0.023408,0.055289,0,0.01373
2,27,2.197,0.889,0.111,0,1.098612289,5.96,0.90367,1.046368,0.033469,0.082106,0.595016,0.013098
3,27,2.303,0.9,0.2,0,1.386294361,6.28,0.91416,0.896315,0.025718,0.058568,-0.205078,0.013711
4,27,2.303,0.9,0.2,0,1.098612289,7.28,1.02432,0.982424,0.008095,0.018055,-0.675676,0.011447
5,27,2.197,0.889,0.222,0,1.098612289,7.29,0.92837,1.250194,0.00938,0.023552,0.295455,0.012676
6,27,2.197,0.889,0.222,0,1.098612289,8.16,0.99248,1.163499,-0.00298,-0.007622,0,0.010683
7,27,2.303,0.9,0.2,0,1.386294361,8.33,1.03938,1.248408,0.005993,0.015112,0,0.011871
8,27,2.197,0.889,0.222,0,1.386294361,9.02,1.06312,1.330659,0.019237,0.050902,2.543689,0.010276
1,28,2.079,0.875,0,1,1.609437912,5.06,0.99157,1.127038,0.010617,0.023301,-0.315789,0.016451
2,28,2.079,0.875,0,1,1.609437912,5.81,0.97154,0.990944,0.013269,0.029942,0.307692,0.016506
3,28,2.079,0.875,0,1,1.791759469,6.81,1.01323,0.825186,0.012536,0.025741,0.029412,0.014459
4,28,2.303,0.9,0.2,1,1.945910149,6.42,1.14416,0.760516,0.033781,0.065331,1.971429,0.013134
5,28,2.197,0.889,0.111,1,1.791759469,8.04,0.93064,0.859438,0.004702,0.009118,-0.855769,0.014814
6,28,2.079,0.875,0.125,1,1.609437912,6.99,1.11904,0.997047,0.007836,0.01611,0.6,0.014191
7,28,1.792,0.833,0.167,0,1.386294361,6.54,1.14093,0.878678,0.012065,0.024876,0.875,0.016665
8,28,2.565,0.923,0.308,0,1.386294361,2.04,1.11826,0.742617,0.004517,0.008384,-0.666667,0.009829
1,31,2.303,0.9,0.3,0,1.386294361,6.67,1.14677,9.166882,0.019146,0.180547,-0.64881,0.018187
2,31,2.485,0.917,0.25,0,1.609437912,6.5,0.99356,3.227797,0.013238,0.085732,-0.305085,0.016986
3,31,2.398,0.909,0.273,0,1.386294361,8.03,1.04596,3.063834,0.016629,0.080356,0.609756,0.017641
4,31,2.485,0.917,0.25,0,1.386294361,8.29,1.08801,4.372072,0.031006,0.170222,0.939394,0.016257
5,31,2.565,0.923,0.231,0,1.386294361,8.62,0.98698,6.930251,0.020829,0.160827,-0.273438,0.015567
6,31,2.565,0.923,0.308,0,1.609437912,8.96,0.9932,9.191674,0.024508,0.26354,0.27957,0.015203
7,31,2.398,0.909,0.364,0,1.609437912,9.61,1.0609,12.590935,0.031485,0.451873,0.310924,0.019901
8,31,2.398,0.909,0.364,0,1.386294361,10.39,0.85245,18.152668,0.036415,0.746313,0.230769,0.018588
1,33,2.398,0.818,0.273,0,1.609437912,6.2,0.9765,0.319639,0.077775,0.172733,0.12978,0.017273
2,33,2.398,0.818,0.364,0,1.386294361,5.67,0.97561,0.658302,0.046001,0.116018,-0.277949,0.012331
3,33,2.303,0.9,0.4,0,1.386294361,6,1.00102,0.318835,0.032741,0.090052,-0.134943,0.013693
4,33,2.303,0.9,0.4,0,1.386294361,6.48,1.26607,0.278324,0.05026,0.137693,0.747126,0.012076
5,33,2.485,0.917,0.333,0,1.945910149,5.44,0.98198,0.536973,0.045177,0.121322,0.031955,0.01282
6,33,2.485,0.917,0.333,0,1.791759469,6.44,1.07686,0.565577,0.028761,0.075666,-0.290528,0.01144
7,33,2.485,0.917,0.417,0,1.945910149,5.56,1.02952,0.427194,0.06449,0.164296,1.424904,0.014701
8,33,2.485,0.917,0.333,0,1.945910149,4.53,1.01424,0.512529,0.042092,0.107244,-0.284807,0.010994
1,34,2.079,0.75,0.125,0,1.386294361,17.09,0.97063,1.020432,0.082767,0.206614,1.61039,0.0159
2,34,2.079,0.75,0.125,0,1.386294361,16.25,0.94578,0.922865,0.033564,0.075981,-0.606965,0.015554
3,34,2.197,0.778,0.222,0,1.386294361,15.44,0.94528,0.989281,0.037059,0.083971,0.101266,0.012857
4,34,2.303,0.8,0.3,0,1.609437912,14.85,0.94776,0.8968,0.043738,0.101286,0.172414,0.01187
5,34,2.079,0.75,0.375,0,1.791759469,13.43,0.92392,1.093318,0.037333,0.078057,-0.215686,0.014153
6,34,2.079,0.75,0.375,0,1.609437912,14.43,0.88865,0.958857,0.088521,0.204145,1.825,0.011183
7,34,2.079,0.75,0.25,0,1.609437912,14.22,0.88145,0.750665,0.056133,0.112695,-0.287611,0.013137
8,34,2.079,0.75,0.25,0,1.609437912,15.22,0.97851,0.746579,0.006944,0.010928,-0.900621,0.012283
1,35,1.792,0.833,0.167,1,1.098612289,7.4,1.19283,0.688023,0.040498,0.08123,3.692308,0.014838
2,35,1.792,0.833,0.167,1,1.098612289,8.4,1.20618,0.617166,0.046511,0.088863,0.245095,0.015193
3,35,1.792,0.833,0.167,1,1.098612289,9.4,1.06896,0.592645,0.02437,0.042945,-0.499676,0.015382
4,35,1.792,0.833,0.167,1,1.098612289,10.4,1.17309,0.698029,0.035476,0.06773,0.700568,0.013097
5,35,1.792,0.833,0.167,1,1.098612289,11.4,1.11306,0.798795,0.023454,0.047533,-0.276558,0.01517
6,35,1.946,0.857,0.286,1,1.386294361,10.67,1.07737,0.762027,0.019799,0.040136,-0.117647,0.01163
7,35,1.946,0.857,0.286,1,1.386294361,11.67,1.12878,0.737152,0.061032,0.119989,2.260606,0.012173
8,35,1.946,0.857,0.286,1,1.386294361,12.67,1.03864,0.773219,0.02176,0.042771,-0.63197,0.00915
1,36,1.946,0.571,0.143,0,1.098612289,16.14,1.13776,1.852439,0.078584,0.261874,0.022556,0.024206
2,36,1.946,0.571,0.143,0,1.098612289,17.14,1.22186,2.196467,0.082287,0.285512,0.128676,0.02406
3,36,1.946,0.571,0.143,0,1.098612289,18.14,1.35378,2.316906,0.078311,0.292046,0.055375,0.024691
4,36,1.946,0.571,0.143,0,1.386294361,16.62,1.27867,2.552332,0.069696,0.272778,-0.046296,0.022668
5,36,2.079,0.625,0.25,0,1.386294361,15.5,1.08931,3.596644,0.070974,0.321567,0.200647,0.023114
6,36,2.197,0.667,0.333,0,1.386294361,14.74,1.09381,3.405204,0.041489,0.203956,-0.350404,0.022424
7,36,2.197,0.667,0.333,0,1.386294361,15.74,1.09402,3.472092,0.065562,0.320453,0.589212,0.028301
8,36,2.197,0.667,0.333,0,1.386294361,16.74,1.07735,3.824388,0.070056,0.363348,0.127937,0.022987
1,37,2.079,0.625,0.125,0,1.098612289,9.82,0.96585,1.492185,0.029449,0.076933,1.588235,0.0114
2,37,2.079,0.625,0.125,0,1.098612289,10.82,0.9665,1.317246,0.02638,0.067526,-0.136364,0.013704
3,37,2.079,0.75,0.25,0,1.609437912,7.52,0.85467,1.542969,0.024472,0.062674,-0.131579,0.013083
4,37,1.946,0.714,0.286,0,1.098612289,8.14,0.85399,1.10827,0.0699,0.179526,1.818182,0.012357
5,37,1.792,0.833,0.333,1,1.098612289,7,0.92872,0.783559,0.091264,0.192315,0.236559,0.01345
6,37,1.792,0.833,0.333,1,1.098612289,8,0.97541,0.689936,0.054934,0.101537,-0.426087,0.013062
7,37,1.946,0.857,0.429,1,1.098612289,7.81,1.15018,0.656913,0.102056,0.184783,1.045455,0.015588
8,37,2.079,0.875,0.375,1,1.386294361,6.99,1.03201,0.63286,0.028236,0.048227,-0.718519,0.011646
1,38,2.398,0.818,0,1,1.386294361,7.85,0.99588,1.082593,0.048617,0.112972,1.321053,0.015631
2,38,2.565,0.769,0.154,1,1.386294361,5.88,0.68575,0.676427,0.023002,0.045317,-0.390023,0.014098
3,38,2.485,0.75,0.167,1,1.386294361,6.52,0.98217,0.683756,0.028436,0.051306,0.063197,0.014454
4,38,2.485,0.833,0.167,1,1.386294361,7.52,0.98003,0.709591,0.019539,0.035348,-0.325175,0.014229
5,38,2.485,0.833,0.167,1,1.386294361,8.52,1.01115,0.71193,0.031374,0.057721,0.590674,0.018049
6,38,2.565,0.846,0.231,1,1.609437912,8.81,0.97386,0.752719,0.022739,0.042397,-0.283388,0.017737
7,38,2.485,0.917,0.25,1,1.609437912,10.21,1.01331,0.735264,0.04749,0.09023,1.1,0.028202
8,38,2.485,0.917,0.25,1,1.386294361,11.21,0.97252,0.715503,0.056595,0.10666,0.188312,0.020824
1,39,2.079,0.75,0.125,1,1.098612289,10.05,0.8631,1.576708,0.029926,0.080129,1.206897,0.01111
2,39,2.197,0.778,0.111,1,1.386294361,8.59,0.87157,0.894294,0.037421,0.08412,0.34375,0.011081
3,39,1.792,0.667,0,1,1.098612289,7.88,0.85385,1.277289,0.037541,0.08199,-0.046512,0.011332
4,39,1.946,0.714,0.143,1,1.098612289,7.74,0.85433,0.88521,0.113825,0.243001,2.378049,0.011597
5,39,1.946,0.714,0.143,1,1.098612289,8.74,0.78665,0.999363,0.032147,0.064739,-0.685921,0.012694
6,39,2.079,0.75,0.25,1,1.098612289,8.64,0.89193,1.208172,0.027572,0.060063,-0.068966,0.01265
7,39,2.079,0.75,0.25,1,1.098612289,9.64,0.92724,1.335923,0.035129,0.083153,0.37037,0.01276
8,39,2.197,0.778,0.333,1,1.098612289,9.56,0.90988,1.194778,0.04493,0.105982,0.351351,0.009015
1,40,2.303,0.8,0,1,1.609437912,11.56,0.94096,0.591176,0.038094,0.061578,-0.024194,0.015275
2,40,2.197,0.778,0.111,1,1.609437912,7.3,1.10267,0.590179,0.040613,0.069701,0.14876,0.015537
3,40,2.197,0.778,0.111,0,1.386294361,6.85,0.97321,0.67177,0.041098,0.070007,0.043165,0.015206
4,40,2.079,0.75,0.125,0,1.386294361,6.71,1.00118,0.686322,0.042806,0.076709,0.137931,0.016071
5,40,2.197,0.778,0.222,0,1.609437912,6.95,0.95519,0.692147,0.041157,0.07151,-0.054545,0.017407
6,40,2.079,0.75,0.25,0,1.386294361,8.3,0.99673,0.74776,0.030359,0.054958,-0.217949,0.014185
7,40,2.079,0.75,0.25,0,1.386294361,9.3,0.9596,0.960223,0.037704,0.070168,0.237705,0.016279
8,40,2.197,0.778,0.333,1,1.609437912,7.2,0.97662,0.949691,0.042099,0.08714,0.251656,0.015129
1,41,2.079,0.625,0,1,1.098612289,1,1.05469,1.100278,0.012879,0,0,0.011434
2,41,2.079,0.625,0,1,1.098612289,2,0.82481,0.897746,0.012012,0.044154,-0.25,0.011978
3,41,2.079,0.625,0,1,1.098612289,3,0.92894,0.753525,0.001424,0.001061,-0.983333,0.013098
4,41,2.197,0.667,0.111,1,1.098612289,3.63,0.99959,0.911433,0.005648,0.005321,6,0.012765
5,41,2.303,0.8,0.2,1,1.386294361,4.19,1.02434,1.073418,0.00137,-0.01163,0,0.014229
6,41,2.303,0.8,0.2,0,1.386294361,4.78,0.94368,1.3574,0.014735,0.048912,0,0.015174
7,41,2.398,0.818,0.182,0,1.386294361,5.33,0.94861,1.194347,0.023193,0.079871,1.132075,0.018547
8,41,2.303,0.7,0.2,0,1.386294361,6.33,0.88115,1.497237,0.017836,0.060621,-0.123894,0.013002
1,42,2.079,0.875,0.25,0,1.386294361,9,0.66307,0.735655,0.024829,0.045321,0.058252,0.015746
2,42,2.079,0.875,0.25,0,1.386294361,10,0.7106,0.860404,0.025247,0.046229,0.036697,0.016536
3,42,2.079,0.875,0.25,0,1.386294361,11,0.72757,0.826913,0.023432,0.043922,-0.026549,0.016284
4,42,2.303,0.9,0.2,0,1.386294361,9.19,0.73544,0.800393,0.024804,0.047039,0.145455,0.017247
5,42,2.303,0.9,0.3,0,1.609437912,9.68,0.75772,0.819019,0.025816,0.048869,0.095238,0.017971
6,42,2.303,0.9,0.3,0,1.609437912,10.68,0.76787,0.811267,0.020129,0.038101,-0.166667,0.015534
7,42,2.485,0.917,0.417,0,1.609437912,9.64,0.58364,0.63465,0.011254,0.019949,-0.243478,0.014005
8,42,2.398,0.909,0.364,0,1.386294361,9.52,0.81749,0.644874,0.018735,0.032341,0.632184,0.012651
1,43,2.398,0.909,0.091,0,1.609437912,11.51,0.85246,0.863236,0.037698,0.087375,-0.255121,0.013526
2,43,2.303,0.9,0.1,0,1.386294361,11.28,1.0296,1.036768,0.043262,0.096466,0.465696,0.012539
3,43,2.197,0.889,0.111,0,1.386294361,10.82,0.7763,1.175889,0.011332,0.02709,-0.733067,0.012173
4,43,2.197,0.889,0.222,0,1.386294361,8.69,0.8619,1.206174,0.032432,0.080456,1.764706,0.01427
5,43,2.079,0.875,0.25,0,1.386294361,10.31,0.80455,1.184372,0.037105,0.090008,0.134752,0.015576
6,43,2.079,0.875,0.25,0,1.098612289,10.63,0.75413,1.280593,0.016516,0.039945,-0.5625,0.014796
7,43,2.197,0.889,0.333,0,1.386294361,10.39,0.70407,1.278785,0.043556,0.107563,1.514286,0.013286
8,43,2.079,0.875,0.375,0,1.386294361,9.41,0.6841,1.390072,0.044837,0.113602,0.028409,0.013124
1,45,2.079,0.875,0.25,0,1.386294361,12.84,0.97002,1.135711,-0.026144,-0.055835,-0.464286,0.013943
2,45,1.946,0.857,0.143,1,1.386294361,14.57,1.01504,1.546712,0.033742,0.08415,1.566667,0.015307
3,45,2.079,0.75,0.125,0,1.386294361,13.75,1.06057,1.408499,0.027752,0.076141,0.142857,0.014927
4,45,2.197,0.889,0.333,0,1.386294361,9.47,0.95363,0.854945,0.079165,0.18824,0.985716,0.015812
5,45,2.079,0.875,0.5,0,1.098612289,5.43,1.03052,0.923086,0.003404,0.007313,-0.812441,0.018074
6,45,2.079,0.875,0.5,0,1.386294361,6.43,1.01867,0.881995,0.027614,0.063875,-0.173619,0.01596
7,45,2.079,0.875,0.5,0,1.098612289,7.43,0.96297,0.89203,0.03243,0.075508,-0.187721,0.018465
8,45,1.946,0.857,0.429,0,1.098612289,8.14,1.02579,0.920125,0.032257,0.075594,3.181818,0.01447
1,46,2.303,0.9,0.2,1,1.098612289,9.59,1.04343,0.631178,0.030416,0.060574,0.328,0.012523
2,46,2.303,0.9,0.2,1,1.098612289,10.59,1.10148,0.574722,0.039255,0.081567,0.379518,0.014296
3,46,2.303,0.9,0.1,1,1.098612289,10.43,1.02796,0.503195,0.055326,0.107756,0.351811,0.016366
4,46,2.485,0.917,0.167,1,1.609437912,9.61,1.03734,0.429823,0.048583,0.086974,-0.064595,0.013837
5,46,2.485,0.917,0.167,1,1.386294361,10.61,0.99636,0.474747,0.040101,0.069932,-0.143553,0.018427
6,46,2.398,0.909,0.273,1,1.386294361,10.89,1.04971,0.477254,0.03084,0.054068,-0.185484,0.017452
7,46,2.398,0.909,0.273,1,1.386294361,11.89,1.03396,0.481252,0.051326,0.08989,0.965347,0.025592
8,46,2.485,0.917,0.25,1,1.386294361,11.84,0.82729,0.423669,0.045973,0.077627,0.078086,0.01579
1,47,2.079,0.625,0.125,1,1.098612289,12.07,0.84911,0.034685,0.133822,0.205044,0.157495,0.048572
2,47,2.079,0.625,0.125,1,1.098612289,13.07,0.83313,0.041386,0.146025,0.233046,0.121311,0.043252
3,47,2.197,0.667,0.222,1,1.386294361,12.61,0.87523,0.159668,0.138254,0.235277,-0.013158,0.039275
4,47,2.197,0.667,0.222,1,1.386294361,13.61,0.90072,0.154437,0.157981,0.297498,0.268148,0.03759
5,47,2.485,0.583,0.167,1,1.609437912,11.17,0.83638,0.209533,0.136409,0.252223,-0.147196,0.038284
6,47,2.565,0.615,0.231,1,1.098612289,11.25,0.86631,0.296726,0.117092,0.22497,-0.138356,0.040085
7,47,2.639,0.857,0.357,0,1.386294361,5.42,0.93438,0.793256,0.133797,0.346435,0.575517,0.04473
8,47,2.565,0.846,0.308,0,1.386294361,6.42,0.97027,0.67581,0.248998,0.75599,1.385469,0.034717
1,48,2.398,0.818,0.091,1,1.386294361,12.01,1.13129,0.895163,0.035813,0.077925,-0.238889,0.02163
2,48,2.197,0.889,0.111,1,1.386294361,13.24,1.0691,0.625803,0.038036,0.072013,0.043796,0.020949
3,48,2.398,0.909,0.091,1,1.386294361,10.34,0.96436,0.53393,0.022524,0.035709,-0.300699,0.014609
4,48,2.398,0.818,0.273,1,1.386294361,9.68,1.09266,0.575987,0.022555,0.038064,0.47,0.013136
5,48,2.485,0.833,0.25,1,1.609437912,8.33,1.04005,0.658583,0.021691,0.037971,-0.027211,0.01389
6,48,2.398,0.818,0.273,0,1.609437912,8.36,0.99805,0.683951,0.004068,0.00736,-0.811189,0.011601
7,48,2.398,0.818,0.273,0,1.791759469,8.63,1.16801,0.643989,0.033265,0.060124,6.851852,0.016359
8,48,2.398,0.818,0.273,0,1.609437912,9.98,1.05545,0.63782,0.044601,0.079586,0.330189,0.014207
1,49,1.946,0.571,0,0,1.098612289,2.4,0.95285,0.60275,0.001797,0.00277,0,0.012059
2,49,1.946,0.571,0,0,1.098612289,3.4,1.03362,0.519866,0.018833,0.030025,11,0.014566
3,49,1.946,0.571,0,0,1.098612289,4.4,1.05853,0.489975,0.022453,0.034013,0.333333,0.015276
4,49,2.079,0.625,0.125,0,1.098612289,4.82,1.0976,0.396857,0.018865,0.025042,-0.125,0.014096
5,49,2.079,0.625,0.125,0,1.098612289,5.82,1.08406,0.328555,0.019289,0.024609,0.119048,0.017711
6,49,2.079,0.625,0.125,0,1.098612289,6.07,1.11622,0.346264,0.017789,0.022785,0.085106,0.016989
7,49,2.079,0.625,0.125,0,1.386294361,6.14,1.16006,0.27717,0.021861,0.029323,0.568627,0.022373
8,49,2.079,0.625,0.125,0,1.386294361,6.92,1.05671,0.281262,0.020895,0.028555,0.15,0.014246
1,50,2.197,0.889,0.222,0,1.791759469,3.3,0.92092,0.612363,0.019347,0.033253,-0.159091,0.016198
2,50,2.197,0.889,0.222,0,1.791759469,4.3,0.88291,0.709457,0.084704,0.157034,3.675676,0.016917
3,50,2.197,0.889,0.222,0,1.791759469,4.91,0.88403,0.605679,0.053692,0.099075,-0.323699,0.018698
4,50,2.197,0.889,0.222,0,1.609437912,5.91,1.12539,0.587814,0.036252,0.064901,-0.324786,0.017296
5,50,2.197,0.889,0.222,0,1.609437912,6.91,0.94301,0.751575,0.020953,0.039445,-0.417722,0.019776
6,50,2.079,0.875,0.375,0,1.386294361,6.15,0.97092,0.737436,0.011415,0.025814,-0.391304,0.016895
7,50,2.197,0.889,0.333,0,1.609437912,5.73,1.09204,0.753889,0.041425,0.093997,2.857143,0.021263
8,50,2.303,0.9,0.3,0,1.791759469,6.08,0.94329,0.811421,0.028839,0.058879,-0.324074,0.017888
1,51,1.609,0.8,0,1,1.098612289,9.75,0.9761,1.309242,0.035032,0.069326,0.405063,0.011073
2,51,1.609,0.8,0,1,1.098612289,10.75,0.96787,1.192064,0.029685,0.058026,-0.171171,0.012554
3,51,2.079,0.875,0,1,1.098612289,7.49,0.91791,0.98756,0.034067,0.066606,0.521739,0.009876
4,51,2.079,0.875,0,1,1.609437912,8.49,0.95526,0.993012,0.040749,0.080595,0.078571,0.009532
5,51,2.197,0.889,0.111,1,1.609437912,8.53,0.90913,0.691394,0.010836,0.020477,-0.754967,0.011468
6,51,2.303,0.9,0.2,1,1.609437912,7.58,0.95206,0.695868,0.022964,0.040134,0.810811,0.010415
7,51,2.079,0.875,0.375,1,1.386294361,6.66,1.02644,0.708523,-0.018951,-0.033366,0,0.009564
8,51,2.079,0.875,0.375,1,1.386294361,8.23,1.01471,0.755724,-0.01325,-0.024116,0.346154,0.009678
1,52,2.398,0.727,0.091,1,1.386294361,11.69,1.02234,4.276437,0.060825,0.38469,0.324324,0.028234
2,52,2.398,0.727,0.182,1,1.098612289,11.33,1.04474,4.50737,0.059638,0.42186,-0.001701,0.02651
3,52,2.485,0.75,0.167,1,1.386294361,11.32,1.0739,5.561324,0.061488,0.491258,0.063032,0.025436
4,52,2.565,0.769,0.231,1,1.609437912,11.44,1.1362,5.787148,0.077531,0.705973,0.261218,0.025856
5,52,2.565,0.769,0.231,1,1.609437912,12.44,1.06384,7.884213,0.067883,0.730666,-0.134689,0.02384
6,52,2.565,0.769,0.231,1,1.609437912,13.44,0.9901,7.445894,0.033705,0.404372,-0.472834,0.017191
7,52,2.639,0.786,0.286,1,1.609437912,13.42,1.02378,5.869022,0.065621,0.710714,0.905292,0.024561
8,52,2.639,0.786,0.286,1,1.609437912,14.42,1.052,6.657679,0.064069,0.665453,-0.046784,0.020697
1,53,1.946,0.857,0,1,1.098612289,3.71,0.8932,1.142671,-0.01551,-0.054828,-1.079904,0.013011
2,53,1.946,0.857,0,1,1.098612289,4.71,0.84609,0.971144,0.016888,0.025855,0,0.014739
3,53,1.946,0.857,0,1,1.386294361,5.71,0.90271,0.832288,0.012846,0.020162,-0.172414,0.015362
4,53,2.079,0.875,0.125,1,1.386294361,5.98,0.96198,0.794132,0.032137,0.061416,2.333333,0.013045
5,53,2.079,0.875,0.125,1,1.386294361,6.98,0.95068,0.703079,0.013563,0.023686,-0.5625,0.01547
6,53,2.197,0.889,0.222,1,1.609437912,7.2,0.91375,0.62474,0.045645,0.08076,2.771429,0.014931
7,53,2.197,0.889,0.222,1,1.609437912,8.2,0.86252,0.663419,0.036545,0.063854,-0.128788,0.01904
8,53,2.303,0.9,0.2,0,1.609437912,8.33,0.90201,0.73272,0.029676,0.053661,-0.130435,0.013891
1,54,2.303,0.8,0.1,1,1.098612289,11.98,1.09368,1.442713,0.043668,0.125548,3.736906,0.016267
2,54,1.946,0.857,0.143,1,1.098612289,14.67,1.12518,1.280289,0.006231,0.00965,-0.894446,0.015774
3,54,1.946,0.714,0.286,1,1.098612289,12.64,0.99737,1.137613,0.012812,0.026965,2.148148,0.017835
4,54,1.946,0.714,0.286,1,1.386294361,13.64,1.02787,0.956084,0.017426,0.036947,0.517647,0.01846
5,54,1.946,0.714,0.286,1,1.386294361,14.64,0.98233,0.865204,0.0231,0.046276,0.395349,0.023031
6,54,1.946,0.714,0.286,1,1.386294361,15.64,0.9288,0.801436,0.014577,0.028168,-0.255556,0.019663
7,54,2.079,0.75,0.375,1,1.386294361,14.68,1.04122,0.826415,0.03176,0.062581,1.507463,0.023137
8,54,2.079,0.75,0.375,1,1.386294361,15.68,1.12284,0.909299,0.016548,0.033533,-0.404762,0.015808
1,55,2.197,0.889,0.333,0,1.386294361,11.28,1.04962,0.928191,0.046973,0.121498,1.166667,0.019113
2,55,2.303,0.9,0.3,0,1.609437912,11.14,1.0782,0.849,0.038155,0.097967,-0.161538,0.018728
3,55,2.303,0.9,0.3,0,1.386294361,12.14,1.02378,0.97044,0.015774,0.040455,-0.59633,0.019746
4,55,2.303,0.9,0.3,0,1.386294361,13.14,1.02226,0.910736,0.026301,0.070664,0.681818,0.020449
5,55,2.079,0.875,0.25,0,1.098612289,12.04,1.01768,1.113,0.021324,0.058609,-0.148649,0.020839
6,55,2.197,0.889,0.333,1,1.386294361,11.62,1.06408,1.256934,0.006669,0.018468,-0.68254,0.018518
7,55,2.303,0.9,0.3,1,1.609437912,11.39,1.0594,1.174188,0.014698,0.044261,1.45,0.024559
8,55,2.303,0.9,0.3,1,1.386294361,12.39,1.10074,1.149529,0.00797,0.022146,-0.469388,0.017871
1,57,2.197,0.778,0.111,1,1.098612289,22.38,0.93174,1.274053,0.035953,0.12487,1.29856,0.016352
2,57,2.303,0.8,0.2,1,1.098612289,21.05,0.96285,1.061788,0.04323,0.146015,-0.084857,0.016666
3,57,2.303,0.8,0.2,1,1.098612289,22.05,0.94869,1.699586,0.011903,0.034819,-0.585067,0.016557
4,57,2.303,0.8,0.2,1,1.098612289,23.05,0.90061,1.669645,0.026025,0.109645,1.195652,0.014799
5,57,2.197,0.889,0.222,1,1.098612289,23.14,0.8969,0.96402,0.17751,0.658075,7.0376,0.013751
6,57,2.303,0.9,0.3,1,1.098612289,21.79,0.84836,1.032508,-0.017213,-0.062322,0,0.011106
7,57,2.303,0.9,0.3,1,1.098612289,22.79,0.84844,1.247397,0.010511,0.021167,0,0.011721
8,57,2.303,0.8,0.3,1,1.098612289,19.77,0.91909,1.401022,-0.020527,-0.084154,0,0.009597
1,58,2.303,0.9,0.2,1,1.098612289,8.55,1.01073,1.141015,0.019243,0.045805,-0.03054,0.014179
2,58,2.398,0.909,0.273,1,1.098612289,7.06,0.96722,1.03708,0.028583,0.064843,0.601695,0.015042
3,58,2.303,0.9,0.3,1,1.098612289,8.22,0.96243,1.016716,0.057574,0.12721,1.026455,0.014387
4,58,2.197,0.889,0.333,1,1.098612289,9.29,0.91488,1.026192,0.017597,0.038845,-0.699906,0.014727
5,58,2.303,0.9,0.3,1,1.386294361,9.31,0.90582,1.147039,0.018318,0.041915,0.044058,0.014487
6,58,2.398,0.909,0.364,1,1.386294361,9.42,0.99981,1.151388,0.018064,0.042582,-0.016667,0.013423
7,58,2.398,0.909,0.364,1,1.386294361,9.55,1.0511,1.088966,0.002,0.00466,-0.872881,0.013869
8,58,2.485,0.917,0.333,1,1.386294361,7.97,1.04453,1.19081,-0.001942,-0.004517,0,0.013251
1,59,2.197,0.889,0.222,0,1.609437912,9.73,1.01364,0.844307,0.03274,0.063553,0.631944,0.014242
2,59,2.303,0.9,0.2,0,1.386294361,9.75,0.91537,0.788158,0.037237,0.074724,0.204255,0.013726
3,59,2.398,0.909,0.182,0,1.386294361,9.82,0.9159,0.766761,0.018404,0.034066,-0.55477,0.013907
4,59,2.485,0.917,0.333,0,1.098612289,8.94,0.95031,0.830519,0.027621,0.054909,0.611111,0.01452
5,59,2.197,0.889,0.444,1,1.098612289,10.93,0.92194,0.906154,0.038681,0.083684,0.512315,0.015395
6,59,2.303,0.9,0.5,0,1.386294361,7.01,0.97426,0.825366,0.029723,0.062123,-0.23127,0.013386
7,59,2.398,0.909,0.364,0,1.386294361,4.86,0.98724,0.772555,0.009975,0.020003,-0.665254,0.015936
8,59,2.303,0.9,0.4,0,1.386294361,3.84,1.12823,0.699444,0.003879,0.007446,-0.607595,0.013129
1,60,2.565,0.846,0.154,0,1.791759469,8.21,0.5326,1.252725,0.019811,0.047995,-0.221154,0.013253
2,60,2.485,0.917,0.167,0,1.098612289,6.42,0.51119,1.29617,0.031141,0.079581,0.54321,0.013524
3,60,2.303,0.9,0.2,0,1.386294361,5.06,0.5144,1.24995,0.033237,0.085399,0.024,0.015072
4,60,2.303,0.9,0.2,0,1.609437912,4.64,0.3383,0.933915,0.036723,0.082177,0.367188,0.012803
5,60,2.303,0.9,0.2,0,1.609437912,5.64,0.59914,0.883916,0.021615,0.044347,-0.491429,0.01487
6,60,2.303,0.9,0.3,0,1.609437912,5.18,0.65948,0.995507,0.031657,0.065905,0.466292,0.013742
7,60,2.303,0.9,0.3,0,1.791759469,6.18,0.65941,0.914894,0.027162,0.056712,-0.137931,0.015173
8,60,2.398,0.909,0.364,0,1.791759469,5.52,0.66601,0.874465,0.035681,0.072292,0.333333,0.014125
1,61,2.303,0.9,0.3,0,1.386294361,9.88,0.91142,1.08893,0.038946,0.104584,-0.31068,0.01873
2,61,2.565,0.846,0.231,0,1.609437912,7.34,0.82731,0.775817,0.064262,0.150224,-0.225352,0.016934
3,61,2.398,0.818,0.273,0,1.609437912,7.05,0.80872,0.70727,0.031205,0.064384,0.4,0.019818
4,61,2.398,0.909,0.273,0,1.386294361,8.05,0.92981,0.701304,0.04237,0.083366,0.285714,0.014215
5,61,2.303,1,0.3,0,1.386294361,8.9,0.76946,0.798948,-0.004516,-0.008825,0,0.018735
6,61,2.485,0.917,0.333,0,1.791759469,8.34,0.84969,0.642309,0.048721,0.094275,0,0.020011
7,61,2.197,0.889,0.444,0,1.386294361,7.96,0.95545,0.484908,0.15352,0.267412,2.252336,0.021334
8,61,2.197,0.889,0.444,0,1.386294361,8.96,0.90583,0.481068,0.107453,0.174754,-0.272989,0.016902
1,62,2.303,0.6,0,0,1.098612289,7.33,1.05094,0.085851,-0.078656,-0.091115,-1.425,0.016608
2,62,2.079,0.5,0,0,1.386294361,8.68,0.96993,0.145013,-0.070143,-0.084578,-0.386364,0.023071
3,62,2.079,0.625,0.125,0,1.098612289,9.43,0.99195,0.144848,-0.029598,-0.036354,0.581967,0.025739
4,62,2.197,0.556,0.222,0,1.098612289,9.3,1.00552,0.259777,-0.03187,-0.040438,-0.196078,0.017321
5,62,2.197,0.556,0.222,0,1.098612289,10.3,1.06877,0.731505,-0.058593,-0.091117,-1.42623,0.019992
6,62,2.197,0.667,0.333,0,1.098612289,10.27,1.16681,0.531392,-0.023808,-0.03965,0.513514,0.047341
7,62,2.197,0.778,0.333,0,1.098612289,11.27,1.23397,0.711857,-0.058055,-0.104685,-1.930556,0.019586
8,62,2.197,0.778,0.333,0,1.098612289,12.27,0.96983,0.416555,-0.011704,-0.020563,0.829384,0.015089
1,64,2.197,0.333,0.111,0,1.609437912,4.44,0.55518,1.254733,0.032088,0.185773,0.008772,0.011063
2,64,2.197,0.333,0.222,0,1.609437912,4.81,0.59644,0.97229,0.028495,0.15452,-0.043478,0.010406
3,64,2.197,0.333,0.222,0,1.609437912,5.81,0.62273,1.302508,0.026824,0.163551,0.2,0.010944
4,64,2.197,0.333,0.222,0,1.386294361,5.26,0.69655,1.438617,0.024485,0.171466,0.204545,0.010293
5,64,2.197,0.333,0.222,0,1.609437912,5.34,0.67947,1.210795,0.029748,0.215015,0.453546,0.01051
6,64,2.197,0.333,0.222,0,1.609437912,6.34,0.67817,1.168919,0.025343,0.192705,0.047103,0.010233
7,64,2.197,0.333,0.111,0,1.609437912,3.04,0.68629,1.161212,0.020659,0.162542,-0.053719,0.010073
8,64,2.079,0.375,0,0,1.609437912,2.61,0.75699,1.20118,0.012777,0.100751,-0.331878,0.009958
1,65,1.946,0.714,0,0,1.098612289,9.19,0.50818,1.040635,0.011876,0.021167,-0.545455,0.008094
2,65,2.197,0.667,0,0,1.098612289,8.15,0.52953,1.018744,0.012841,0.029368,0.4,0.007917
3,65,2.197,0.667,0,0,1.098612289,9.15,0.55868,0.847972,0.018959,0.044076,0.485714,0.007919
4,65,2.303,0.6,0.1,0,1.098612289,9.18,0.54564,0.714649,0.020281,0.049296,0.139423,0.007576
5,65,2.197,0.556,0.111,0,1.098612289,9.79,0.44994,0.757235,0.021192,0.048835,0.012658,0.00744
6,65,2.079,0.625,0.125,0,1.098612289,11.81,0.40897,0.779856,-0.00377,-0.018817,-1.09,0.007294
7,65,2.303,0.6,0.3,0,1.098612289,9.54,0.41271,0.649477,0.016305,0.041675,0.8,0.0071
8,65,2.398,0.636,0.273,0,1.386294361,8.56,0.41764,0.756267,0.009343,0.022912,-0.44335,0.006937
1,66,1.792,0.5,0,0,1.098612289,3.96,0.65383,1.567404,0.038445,0.18196,0.032258,0.009532
2,66,1.792,0.5,0,0,1.098612289,4.96,0.64383,1.700579,0.03601,0.201929,0.3125,0.009733
3,66,2.197,0.333,0,0,1.098612289,4,0.59903,1.378433,0.040194,0.269097,0.619048,0.010579
4,66,2.197,0.333,0,0,1.098612289,4.9,0.67841,1.574743,0.028634,0.232606,0.029412,0.010112
5,66,2.197,0.333,0,0,1.098612289,5.9,0.66321,1.522609,0.023555,0.230929,0.171429,0.010503
6,66,2.197,0.333,0,0,1.098612289,6.9,0.68929,1.253406,0.023465,0.242469,0.207317,0.010248
7,66,2.197,0.333,0,0,1.098612289,6.54,0.70308,1.064591,0.019042,0.195098,-0.105719,0.009806
8,66,2.079,0.375,0.125,0,1.098612289,7.73,0.65506,1.260919,-0.031606,-0.365498,-2.42,0.009501
1,67,2.197,0.333,0,0,1.098612289,6.32,0.6871,0.730771,0.030915,0.0899,-0.243566,0.009284
2,67,2.197,0.333,0,0,1.098612289,7.32,0.70397,0.545465,0.033796,0.09588,0.044379,0.009066
3,67,2.197,0.333,0,0,1.098612289,7.79,0.67265,0.507823,0.04632,0.133307,0.502361,0.00869
4,67,2.197,0.333,0,0,1.098612289,8.79,0.70424,0.55587,0.029035,0.082124,-0.341138,0.008254
5,67,2.197,0.333,0,0,1.098612289,9.79,0.71677,0.512751,0.033398,0.094288,0.133556,0.008579
6,67,2.079,0.375,0.125,0,1.098612289,7.77,0.70758,0.564634,0.026827,0.078294,-0.115716,0.008223
7,67,2.079,0.375,0.125,0,1.098612289,8.2,0.69528,0.707983,-0.01728,-0.054547,-1.31,0.007897
8,67,2.079,0.375,0.25,0,1.098612289,7.97,0.68425,0.815486,0.012785,0.044462,0.77,0.007999
1,69,1.792,0.5,0.333,0,1.098612289,6.17,0.76324,0.474033,0.007233,0.014155,-0.866837,0.00718
2,69,1.946,0.429,0.429,0,1.098612289,6.24,0.49327,0.433013,0.013074,0.02559,0.682692,0.00751
3,69,1.946,0.429,0.429,0,1.098612289,7.24,0.50572,0.623644,0.068293,0.140787,4.211429,0.008182
4,69,1.609,0.6,0.2,0,1.098612289,6.35,0.50028,0.578151,0.027243,0.057077,-0.593202,0.006858
5,69,1.609,0.6,0.2,0,1.098612289,7.35,0.49117,0.491883,0.01904,0.037595,-0.299191,0.006786
6,69,1.609,0.6,0.2,0,1.098612289,8.35,0.36599,0.49191,0.007628,0.014735,-0.615385,0.006249
7,69,1.609,0.6,0.2,0,1.098612289,9.35,0.3603,0.485114,-0.001858,-0.003601,-1.03,0.0059
8,69,1.946,0.429,0.286,0,1.098612289,7.49,0.36112,0.433118,0.000879,0.001686,0.99,0.005622
1,70,2.079,0.375,0.25,1,1.098612289,2.6,0.05713,1.131134,0.052147,0.214008,0.116294,0.009769
2,70,2.079,0.375,0.25,1,1.098612289,3.6,0.07869,1.28873,0.062646,0.272185,0.546651,0.00942
3,70,2.197,0.333,0.222,1,1.098612289,4.15,0.10421,1.503523,0.06581,0.3186,0.443745,0.011429
4,70,2.079,0.375,0.25,0,1.098612289,5.6,0.08712,1.604026,0.05879,0.339672,0.264206,0.0112
5,70,2.079,0.375,0.25,0,1.098612289,5.88,0.0518,1.620634,0.059925,0.378152,0.366948,0.011578
6,70,2.079,0.375,0.25,0,1.098612289,6.88,0.04659,1.32086,0.057913,0.357559,0.157684,0.010779
7,70,2.079,0.375,0.25,0,1.098612289,7.71,0.0477,1.385227,0.037685,0.229456,-0.22338,0.009374
8,70,2.079,0.375,0.25,0,1.098612289,7.23,0.02237,1.921642,-0.030215,-0.215291,-2.56,0.008989
1,71,2.708,0.333,0.133,1,1.609437912,0.75,0.38151,3.402047,0.012415,0.141173,0.16,0.012459
2,71,2.708,0.333,0.133,1,1.609437912,1.75,0.35334,3.721663,0.010809,0.134227,0.017241,0.010705
3,71,2.708,0.333,0.2,1,1.609437912,2.39,0.53561,2.99926,0.011428,0.15561,0.254237,0.010333
4,71,2.398,0.364,0.273,1,1.609437912,2.96,0.54446,2.584431,0.012068,0.175208,0.256757,0.01006
5,71,2.398,0.364,0.273,1,1.609437912,3.96,0.6027,2.328246,0.013512,0.201882,0.301075,0.010067
6,71,2.398,0.364,0.182,1,1.609437912,4.69,0.58396,2.191935,0.011795,0.184595,0.016529,0.009901
7,71,2.398,0.364,0.182,1,1.609437912,5.46,0.56126,1.653338,0.004311,0.070719,-0.590244,0.009765
8,71,2.398,0.364,0.182,1,1.609437912,2.76,0.50345,1.442967,0.000713,0.011184,-0.839583,0.009643
1,73,2.079,0.375,0.125,0,1.098612289,4.44,0.62704,1.407902,0.018973,0.10176,0.003095,0.00909
2,73,2.079,0.375,0.125,0,1.098612289,5.44,0.65499,1.337397,0.015288,0.102671,0.107302,0.009298
3,73,1.946,0.429,0.143,0,1.098612289,6.36,0.56357,1.566552,0.017063,0.171962,0.899381,0.009953
4,73,1.946,0.429,0.143,0,1.098612289,7.36,0.61249,1.943066,0.015311,0.218718,0.465526,0.00999
5,73,1.946,0.429,0,0,1.098612289,7.67,0.63859,2.614037,0.017549,0.312301,0.740407,0.010535
6,73,2.079,0.375,0,0,1.098612289,7.68,0.63345,2.12971,0.019194,0.35182,0.398517,0.009957
7,73,2.197,0.333,0,0,1.098612289,7.03,0.63944,0,-0.112671,0,-13.14,0.010723
8,73,2.079,0.375,0,0,1.098612289,9.39,0.6208,0,-0.031634,0,0.782231,0.011101
1,74,2.197,0.333,0.222,0,1.098612289,9.86,0.6005,1.675,0.0378,0.1217,-0.7846,0.0092
2,74,2.197,0.333,0.222,0,1.098612289,9.73,0.5397,2.5803,0.0343,0.1599,0.1982,0.0093
3,74,2.197,0.333,0.222,0,1.098612289,10.73,0.5294,2.192,0.0813,0.4024,2.133,0.0095
4,74,2.197,0.333,0.222,0,1.098612289,10.4,0.5027,2.3375,0.0253,0.129,-0.6049,0.0091
5,74,2.197,0.333,0.222,0,1.098612289,11.4,0.796,2.473,0.0244,0.1328,0.1548,0.0092
6,74,2.197,0.333,0.222,0,1.098612289,12.4,0.1553,1.7421,0.0207,0.1079,-0.1563,0.0087
7,74,2.197,0.333,0.222,0,1.098612289,9.22,0.1696,1.5606,-0.0392,-0.2063,-2.695,0.0085
8,74,2.197,0.333,0.222,0,1.098612289,10.22,0.1339,1.899,-0.041,-0.2526,0.0445,0.0087
1,75,2.079,0.375,0.125,0,1.386294361,7.44,0.54435,1.8167,-0.020738,-0.101845,0.02739,0.008742
2,75,2.197,0.333,0.111,0,1.386294361,7.55,0.54006,1.772531,0.001217,0.003213,-0.6667,0.008748
3,75,2.197,0.333,0.111,0,1.386294361,8.55,0.52223,1.39988,0.01963,0.09292,29.425339,0.00896
4,75,2.197,0.333,0.111,0,1.386294361,9.55,0.53096,1.695753,0.016159,0.07705,-0.08953,0.008593
5,75,2.398,0.364,0.091,0,1.386294361,8.14,0.53999,1.844904,0.024894,0.12277,0.709899,0.008702
6,75,2.303,0.4,0.1,0,1.386294361,8.77,0.51902,2.214,0.010307,0.055301,-0.509457,0.00868
7,75,2.197,0.444,0.111,0,1.386294361,7.56,0.53532,1.826384,0.010327,0.061517,0.088608,0.008764
8,75,2.079,0.5,0.125,0,1.386294361,7.65,0.52107,1.921231,0.004118,0.025334,-0.611628,0.008708
1,76,2.996,0.35,0.15,0,1.609437912,5.4,0.04192,1.004515,0.03058,0.152102,-0.204116,0.009857
2,76,3.045,0.333,0.143,0,1.609437912,6.1,0.15477,1.668769,0.027113,0.170091,0.226375,0.010233
3,76,2.773,0.375,0.125,0,1.386294361,7.08,0.15708,1.841707,0.031761,0.318238,1.353843,0.011623
4,76,2.639,0.357,0.143,0,1.386294361,8.43,0.16292,1.894232,0.02584,0.322027,0.311075,0.010367
5,76,2.565,0.385,0.154,0,1.386294361,9.24,0.16131,1.694869,0.022365,0.289458,0.149068,0.01047
6,76,2.565,0.385,0.154,0,1.386294361,10.24,0.15127,1.272903,0.017855,0.214175,-0.124324,0.010118
7,76,2.565,0.385,0.154,0,1.386294361,11.24,0.15141,1.059832,0.01352,0.143362,-0.246914,0.00965
8,76,2.565,0.385,0.231,0,1.386294361,10.28,0.16061,0.877719,-0.003278,-0.030083,-1.2131,0.009207
1,77,2.079,0.5,0.25,1,1.098612289,9.61,0.20421,0.598068,0.020034,0.074291,0.069999,0.008577
2,77,2.079,0.5,0.25,1,1.098612289,9.35,0.18836,0.755292,0.031121,0.130364,0.838641,0.009063
3,77,2.079,0.5,0.25,1,1.098612289,8.93,0.09059,1.013155,0.032221,0.146946,0.198903,0.009294
4,77,2.079,0.5,0.25,1,1.098612289,8.43,0.08227,1.269266,0.033301,0.148431,0.104683,0.008768
5,77,2.079,0.5,0.25,1,1.098612289,9.43,0.07054,1.152742,0.028325,0.125775,-0.054765,0.008757
6,77,2.197,0.556,0.111,1,1.609437912,7.81,0.06835,1.053322,0.018751,0.087194,-0.226392,0.0086
7,77,2.197,0.556,0,1,1.609437912,5.49,0.05036,0.978437,0.017648,0.081125,0.024741,0.008436
8,77,2.197,0.556,0,1,1.609437912,6.49,0.04979,0.948292,0.008923,0.044266,-0.423024,0.008687
1,79,2.639,0.357,0,0,1.791759469,6.7,0.74845,0.691415,0.046579,0.160012,0.128991,0.011033
2,79,2.639,0.357,0,0,1.791759469,7.7,0.76546,0.668361,0.047294,0.168103,0.075277,0.010104
3,79,2.708,0.333,0,0,2.079441542,5.25,0.7829,0.731808,0.045651,0.175863,0.179337,0.010272
4,79,2.708,0.333,0,0,1.945910149,5.96,0.80477,0.731645,0.043171,0.187822,0.232394,0.010684
5,79,2.708,0.333,0,0,1.791759469,5.88,0.77998,0.584993,0.040786,0.187585,0.18,0.011024
6,79,2.708,0.333,0,0,1.791759469,6.75,0.81973,0.66511,0.036647,0.163527,0.012107,0.009954
7,79,2.708,0.333,0,0,1.386294361,5.03,0.82057,0.636057,0.035628,0.156066,0.086124,0.0097
8,79,2.565,0.385,0.077,0,1.386294361,6.63,0.79332,0.656173,0.027661,0.12326,-0.132159,0.009896
1,80,2.197,0.333,0,0,1.098612289,2.85,0.8008,0.831505,0.025523,0.110607,-0.340996,0.009548
2,80,2.197,0.333,0,0,1.098612289,3.79,0.90801,0.859728,0.016908,0.086438,-0.231306,0.009459
3,80,2.197,0.333,0,0,1.098612289,4.55,0.84569,1.073563,0.020454,0.128645,0.568603,0.009898
4,80,2.197,0.333,0,0,1.098612289,5.55,0.7898,1.124032,0.02111,0.151814,0.214918,0.009997
5,80,2.197,0.333,0,0,1.098612289,6.55,0.78233,1.046876,0.021374,0.158585,0.228799,0.010535
6,80,2.485,0.333,0,0,1.609437912,4.63,0.77887,0.969073,0.010741,0.083723,-0.42739,0.009781
7,80,2.485,0.333,0,0,1.609437912,5.63,0.76828,1.012177,0.011728,0.096976,0.159761,0.009392
8,80,2.485,0.333,0,0,1.609437912,5.22,0.77685,1.098543,0.004759,0.040738,-0.57889,0.009344
1,81,2.197,0.333,0.111,1,1.098612289,7.25,0.7604,0.950928,0.069816,0.201863,0.126126,0.011007
2,81,1.946,0.429,0.143,1,1.098612289,7.8,0.79093,0.764304,0.064186,0.171466,-0.029333,0.010051
3,81,1.946,0.429,0.143,1,1.098612289,7.1,0.79232,0.651591,0.067012,0.167097,0.021978,0.010153
4,81,1.946,0.429,0.143,1,1.098612289,6.83,0.79851,0.667387,0.06439,0.160819,0.067111,0.010175
5,81,1.946,0.429,0.143,1,1.098612289,7.83,0.837,0.657708,0.061301,0.157536,0.104651,0.01023
6,81,2.197,0.333,0.111,0,1.098612289,5.21,0.83386,0.650747,0.05674,0.147638,0.055263,0.008073
7,81,2.197,0.333,0.111,0,1.098612289,5.65,0.79216,0.679222,0.047421,0.122107,-0.084788,0.007944
8,81,2.197,0.333,0.111,0,1.098612289,6.65,0.80903,0.727806,0.026094,0.066657,-0.419619,0.008302
1,82,2.565,0.385,0.077,1,1.386294361,7.7,0.72688,0.95322,0.014516,0.040917,-0.707038,0.008283
2,82,2.565,0.385,0.077,1,1.386294361,8.7,0.68855,0.996392,0.021675,0.065605,0.642458,0.008371
3,82,2.565,0.385,0.077,1,1.386294361,9.7,0.70597,1.396118,0.044041,0.168198,1.639456,0.010144
4,82,2.485,0.333,0.083,1,1.386294361,10.49,0.72213,1.610183,0.039623,0.183695,0.182345,0.009585
5,82,2.485,0.333,0.083,1,1.386294361,11.49,0.72062,1.488333,0.033204,0.175278,0.054496,0.009874
6,82,2.485,0.333,0.083,1,1.386294361,12.49,0.71086,1.279071,0.035974,0.19886,0.260982,0.009465
7,82,2.485,0.333,0.083,1,1.386294361,13.49,0.71333,0.944172,0.024419,0.127782,-0.291393,0.008713
8,82,2.398,0.364,0.091,1,1.386294361,15,0.64297,0.789928,-0.047414,-0.316441,-3.2139,0.008855
1,83,2.398,0.364,0.091,0,1.098612289,9.1,1.20044,0.583164,0.032352,0.192403,0.146853,0.012664
2,83,2.398,0.364,0.091,0,1.098612289,9.31,0.78664,0.81934,0.029154,0.196815,0.158537,0.011291
3,83,2.398,0.364,0.091,1,1.098612289,2.98,0.54199,1.021162,0.028106,0.227952,0.336842,0.011746
4,83,2.398,0.364,0.091,0,1.098612289,3.98,0.89646,1.108593,0.025072,0.234175,0.204724,0.010697
5,83,2.303,0.4,0.1,0,1.098612289,5.23,0.80307,1.0413,0.023858,0.226117,0.133987,0.010993
6,83,2.398,0.364,0.091,0,1.098612289,3.8,0.62438,0.816867,0.023069,0.201254,0.043228,0.01052
7,83,2.398,0.364,0.091,0,1.098612289,4.58,0.71285,0.748517,0.01183,0.097832,-0.464088,0.009919
8,83,2.398,0.364,0.091,0,1.098612289,5.58,0.6371,0.833676,0.012237,0.094383,0.005155,0.009774
1,84,2.485,0.333,0.083,1,1.609437912,2.45,0.69051,1.077517,0.017002,0.052087,-0.518644,0.009325
2,84,2.708,0.333,0.067,1,1.609437912,2.81,0.6892,0.888099,0.025462,0.086852,0.735915,0.008623
3,84,2.708,0.333,0.133,1,1.609437912,2.98,0.69048,1.03923,0.029814,0.110602,0.37931,0.009231
4,84,2.485,0.417,0.167,1,1.609437912,3.78,0.67327,1.402869,0.016198,0.073771,-0.304412,0.008979
5,84,2.485,0.417,0.167,1,1.609437912,4.55,0.66507,1.281817,0.010775,0.054049,-0.262156,0.008821
6,84,2.485,0.417,0.167,1,1.609437912,4.38,0.64783,1.178046,0.011388,0.055357,0.077364,0.008314
7,84,2.565,0.385,0.154,1,1.609437912,4.48,0.66382,1.211965,0.01009,0.050204,-0.047872,0.008443
8,84,2.565,0.385,0.154,1,1.386294361,5.48,0.64386,2.034454,-0.060419,-0.366965,-6.8056,0.009008
1,85,2.197,0.333,0,1,1.098612289,3.4,0.7514,1.409788,0.016566,0.130374,0,0.009742
2,85,2.197,0.333,0,0,1.098612289,4.27,0.73904,1.793156,0.015754,0.159026,0.333333,0.009887
3,85,2.197,0.333,0.111,0,1.098612289,5.27,0.76301,2.004714,0.025785,0.344657,1.791667,0.010544
4,85,2.079,0.375,0,0,1.098612289,5.05,0.75832,1.782628,0.025695,0.423448,0.716418,0.010257
5,85,2.079,0.375,0,0,1.098612289,4.9,0.76404,1.522941,0.019407,0.353938,0.147826,0.010534
6,85,2.079,0.375,0,0,1.098612289,5.9,0.73574,1.293788,0.020101,0.335026,0.25,0.009962
7,85,2.079,0.375,0,0,1.098612289,6.9,0.76953,1.077056,0.015841,0.220477,-0.157576,0.009713
8,85,2.079,0.375,0,0,1.098612289,7.9,0.71741,0.862423,0.000559,0.006459,-0.971223,0.009424
1,86,2.197,0.333,0,0,1.098612289,7.22,0.57197,1.215112,0.009877,0.034498,-0.649206,0.008598
2,86,2.197,0.333,0,0,1.098612289,8.22,0.56951,1.172005,0.012976,0.051132,0.520196,0.008496
3,86,2.079,0.375,0.125,0,1.098612289,9.69,0.57366,1.291107,0.017487,0.071743,0.467794,0.0087
4,86,2.079,0.375,0.25,0,1.098612289,8.79,0.65934,1.271299,0.018068,0.082398,0.206802,0.008925
5,86,2.197,0.333,0.222,0,1.098612289,8.76,0.4898,1.299103,0.017265,0.09345,0.095455,0.009326
6,86,2.197,0.333,0.222,0,1.098612289,9.76,0.47964,1.066602,0.017063,0.100575,0.138589,0.00911
7,86,2.197,0.333,0.222,0,1.098612289,10.76,0.49639,1.027413,0.012439,0.079768,-0.155248,0.009079
8,86,2.197,0.333,0.222,0,1.098612289,11.46,0.52602,1.051858,0.011976,0.084414,0.101553,0.009378
1,87,2.197,0.333,0,0,1.098612289,9.65,0.80162,1.252191,0.04518,0.159797,0.026786,0.009006
2,87,2.079,0.375,0,0,1.098612289,9.65,0.8024,1.788918,0.03639,0.14969,0,0.008923
3,87,2.079,0.375,0,0,1.098612289,9.65,0.69141,2.111655,0.029469,0.140428,0.017391,0.009732
4,87,2.079,0.375,0,0,1.098612289,9.65,0.65089,2.448138,0.025262,0.143136,0.094017,0.009487
5,87,1.946,0.429,0,0,1.098612289,10.43,0.11808,2.293341,0.049169,0.303711,1.367849,0.009776
6,87,1.946,0.429,0,0,1.098612289,11.43,0.18441,1.477043,0.029905,0.168325,-0.331156,0.009344
7,87,1.946,0.429,0,0,1.098612289,12.43,0.21606,1.309095,0.010427,0.055121,-0.625092,0.008661
8,87,1.946,0.429,0,0,1.098612289,11.81,0.13424,1.897703,-0.042767,-0.24375,-4.8026,0.008705
1,88,2.398,0.364,0,0,1.386294361,5.86,0.22367,2.152331,0.028945,0.186538,0.010417,0.009833
2,88,2.565,0.385,0,0,1.609437912,5.83,0.13274,3.18668,0.01361,0.117249,-0.268041,0.009966
3,88,2.485,0.333,0,0,1.386294361,6.19,0.07765,3.616033,0.025501,0.328122,2.887324,0.011198
4,88,2.485,0.333,0,0,1.386294361,7.19,0.08268,3.138009,0.025613,0.329229,0.373188,0.010584
5,88,2.485,0.333,0,0,1.386294361,8.19,0.10025,2.830014,0.031415,0.372062,0.580475,0.011064
6,88,2.485,0.333,0,0,1.386294361,8.26,0.1598,1.710048,0.034654,0.341578,0.305509,0.009881
7,88,2.485,0.333,0,0,1.386294361,9.26,0.18449,2.586246,-0.033493,-0.367758,-2.0575,0.009707
8,88,2.485,0.333,0,0,1.386294361,10.26,0.16433,3.461297,-0.024413,-0.392641,0.376058,0.009666
1,89,2.079,0.375,0,0,1.098612289,3.44,0.12354,1.955845,0.033977,0.411724,0.355805,0.014018
2,89,2.079,0.375,0,0,1.098612289,4.06,0.0781,1.898788,0.031021,0.342675,0.226519,0.011851
3,89,2.079,0.375,0,0,1.098612289,4.68,0.08176,1.674393,0.028249,0.321304,0.283784,0.011719
4,89,2.197,0.333,0,0,1.098612289,4.13,0.32632,2.707944,0.029902,0.355864,0.329825,0.010987
5,89,2.197,0.333,0,0,1.098612289,4.06,0.40773,2.535962,0.033686,0.356335,0.253298,0.010901
6,89,2.197,0.333,0,0,1.098612289,3.37,0.38223,2.293627,0.007745,0.081651,-0.734526,0.010098
7,89,2.197,0.333,0,0,1.098612289,4.37,0.33389,8.832065,-0.083959,-1.505325,-11.13,0.010175
8,89,1.792,0.5,0,0,0.693147181,5.99,0.3221,8.192334,0.003726,0.201963,1.0409,0.01001
1,90,1.946,0.429,0.143,1,1.098612289,6.25,0.26197,1.960983,0.03605,0.186214,0.25,0.009449
2,90,1.946,0.429,0.143,1,1.098612289,6.23,0.05964,2.209147,0.029167,0.174973,0.044444,0.00979
3,90,1.792,0.5,0.167,1,1.098612289,7.06,0.09899,1.580411,0.037509,0.222,0.489362,0.010008
4,90,2.079,0.375,0.375,1,1.098612289,6.11,0.19883,2.035984,0.035954,0.218757,0.114286,0.009656
5,90,2.079,0.375,0.375,1,1.098612289,7.11,0.18698,1.937804,0.027578,0.186994,-0.089744,0.009934
6,90,2.079,0.375,0.375,1,1.098612289,8.11,0.17914,1.862806,0.000721,0.005353,-0.998732,0.009478
7,90,1.946,0.429,0.429,1,1.098612289,9.95,0.17603,1.366903,0.00489,0.036746,130.333333,0.008808
8,90,1.946,0.429,0.286,1,1.098612289,9.66,0.10947,2.198194,-0.075604,-0.701277,-16.5,0.009478
1,91,2.398,0.364,0,0,1.098612289,6.2,0.39871,1.227324,0.005987,0.022352,-0.6875,0.009304
2,91,2.398,0.364,0,0,1.098612289,7.13,0.34644,1.216327,0.012199,0.062148,1.79844,0.009262
3,91,2.398,0.364,0,0,1.098612289,8.13,0.33698,1.233186,0.010796,0.064979,0.100613,0.009647
4,91,2.303,0.4,0,0,1.098612289,7.68,0.38172,1.354954,0.003892,0.013638,-0.766234,0.009294
5,91,2.398,0.364,0,1,1.098612289,5.02,0.29879,1.360113,0.008042,0.040722,2.055556,0.009731
6,91,2.485,0.333,0,0,1.386294361,3.52,0.26112,1.410744,0.010105,0.082633,0.909091,0.009797
7,91,2.485,0.333,0.083,0,1.386294361,3.9,0.27208,1.188405,0.009556,0.097317,0.247619,0.009825
8,91,2.485,0.333,0.083,0,1.386294361,4.9,0.29654,1.24606,0.005219,0.073107,-0.21374,0.009798
1,92,2.197,0.333,0.222,0,1.098612289,6.56,0.06801,2.088799,0.025251,0.204845,-0.165105,0.010367
2,92,2.197,0.333,0.222,0,1.098612289,6.8,0.04652,2.779122,0.014931,0.106902,-0.478261,0.010111
3,92,2.197,0.333,0.222,0,1.098612289,6.96,0.15336,3.024776,0.01566,0.306543,3.927419,0.011026
4,92,2.197,0.333,0.222,0,1.098612289,7.96,0.14797,2.181093,0.020534,0.301816,0.554283,0.01073
5,92,2.197,0.333,0.222,0,1.098612289,8.96,0.14173,2.230997,0.008457,0.124007,-0.538435,0.010497
6,92,2.197,0.333,0.111,0,1.098612289,9.28,0.13792,2.059652,0.003583,0.055201,-0.53384,0.010083
7,92,2.197,0.333,0.111,0,1.098612289,10.28,0.13748,0,-0.215974,0,-60.033,0.011938
8,92,2.197,0.333,0.111,0,1.098612289,7.98,0.14304,0,-0.053689,0,0.777232,0.012822
1,93,2.079,0.5,0.125,0,1.098612289,4.98,0.86361,0.836682,0.051033,0.174714,0.006536,0.010072
2,93,2.079,0.5,0.125,0,1.098612289,5.75,0.84403,0.770444,0.044767,0.156609,0.019481,0.009541
3,93,2.079,0.5,0.125,0,1.098612289,6.75,0.84231,0.728999,0.042882,0.19041,0.382166,0.01071
4,93,2.079,0.5,0.125,0,1.098612289,7.75,0.84528,0.850884,0.037341,0.213323,0.281106,0.010797
5,93,2.079,0.5,0.125,0,1.098612289,8.75,0.78868,0.943468,0.031639,0.208824,0.125899,0.011553
6,93,2.079,0.5,0.125,0,1.098612289,9.33,0.85861,0.939577,0.028223,0.197746,0.089457,0.01161
7,93,2.197,0.444,0.111,0,1.098612289,9.23,0.81292,0.938059,0.029076,0.204495,0.187683,0.010648
8,93,2.197,0.444,0.111,1,1.098612289,7.25,0.82248,0.955795,0.029309,0.182453,0.007407,0.009848
1,94,2.197,0.333,0.222,1,1.098612289,7.74,0.09112,0.941734,0.026316,0.126066,-0.245839,0.009586
2,94,2.197,0.333,0.222,1,1.098612289,8.19,0.09368,0.763314,0.020436,0.100798,-0.147708,0.009175
3,94,2.079,0.375,0.25,1,1.098612289,10.08,0.10065,0.905821,0.027537,0.142437,0.543161,0.009685
4,94,1.946,0.429,0.286,1,1.098612289,11.82,0.12295,1.036584,0.025789,0.151191,0.138985,0.010036
5,94,1.946,0.429,0.286,0,1.098612289,12.82,0.12762,1.086407,0.02567,0.173682,0.25085,0.010485
6,94,1.946,0.429,0.286,0,1.098612289,12.4,0.22473,0.952295,0.023799,0.163723,0.091815,0.009755
7,94,2.197,0.333,0.222,0,1.098612289,10.55,0.1782,2.033821,-0.044493,-0.371592,-3.1077,0.009331
8,94,2.197,0.333,0.111,0,1.098612289,9.72,0.18969,3.448024,-0.034545,-0.455622,0.256064,0.009648
1,95,2.197,0.333,0,0,1.098612289,4.49,0.60609,1.582636,0.015322,0.072522,-0.327928,0.009258
2,95,2.079,0.375,0,0,1.098612289,5.2,0.51352,2.067188,0.013128,0.083376,0.0563,0.009429
3,95,2.079,0.375,0,0,1.098612289,5.24,0.52844,1.892484,0.014392,0.105514,0.413706,0.00959
4,95,2.079,0.375,0,0,1.098612289,6.24,0.54912,1.61091,0.022328,0.143727,0.308594,0.009101
5,95,2.079,0.375,0,0,1.098612289,7.24,0.57855,1.43287,0.028013,0.188,0.582114,0.009773
6,95,2.079,0.375,0,0,1.098612289,7.59,0.55034,1.486886,0.029019,0.200316,0.313464,0.009275
7,95,2.079,0.375,0,0,1.098612289,8.11,0.57944,1.265925,0.027584,0.191088,0.154147,0.009111
8,95,2.079,0.375,0,0,1.098612289,9.11,0.76288,1.274005,0.0166,0.107395,-0.385085,0.008934
1,96,2.197,0.556,0.111,1,1.609437912,5.8,0.07703,1.203019,0.024916,0.072228,0.034188,0.010597
2,96,2.197,0.556,0.222,1,1.609437912,5.8,0.09719,1.479692,0.027008,0.096099,0.454412,0.010158
3,96,2.197,0.556,0.222,1,1.609437912,5.8,0.22772,1.340188,0.024791,0.094707,0.095808,0.011473
4,96,2.639,0.5,0.286,1,1.609437912,5.8,0.2916,1.350431,0.019642,0.069916,-0.229579,0.011347
5,96,2.303,0.5,0.4,1,1.609437912,5.8,0.269,1.605489,0.025767,0.107669,0.694231,0.011149
6,96,2.303,0.5,0.3,1,1.609437912,5.8,0.33608,1.627781,0.011325,0.058681,-0.456016,0.010309
7,96,2.303,0.5,0.3,1,1.609437912,5.8,0.41499,2.031824,-0.003552,-0.020014,-2.638,0.012541
8,96,2.303,0.5,0.3,1,1.609437912,5.8,0.38512,1.704929,0.005713,0.031486,2.4454,0.015933
1,97,2.639,0.5,0.071,0,1.791759469,5.74,0.56708,0.834785,0.00825,0.01973,-0.169863,0.010125
2,97,2.639,0.571,0.071,0,1.791759469,6.74,0.55688,0.951514,0.004777,0.011906,-0.433155,0.009417
3,97,2.639,0.571,0.071,0,1.791759469,6.79,0.56521,1.07963,0.011372,0.02939,1.33283,0.010304
4,97,2.833,0.529,0.059,0,1.791759469,7.38,0.83412,0.425546,0.070495,0.149085,5.244491,0.010095
5,97,2.833,0.529,0.059,0,1.791759469,7.62,0.82875,0.439654,0.020361,0.0383,-0.705036,0.011683
6,97,2.833,0.529,0.118,0,1.609437912,8.33,0.84946,0.242184,-0.009395,-0.017147,-1.402,0.009926
7,97,2.708,0.6,0.133,0,1.386294361,7.28,0.84032,0.194974,0.019522,0.03134,2.834,0.016515
8,97,2.639,0.5,0.286,0,1.386294361,8.28,0.8377,0.114949,0.027972,0.041861,0.371041,0.021011
1,98,2.639,0.5,0.143,0,1.945910149,13.34,0.15092,1.680413,0.028263,0.104888,0.111369,0.014292
2,98,2.565,0.538,0.154,0,1.945910149,13.27,0.13359,1.43047,0.030437,0.115116,0.145257,0.015407
3,98,2.485,0.583,0.083,0,1.945910149,13.43,0.10378,3.54795,0.025737,0.12571,-0.125011,0.018741
4,98,2.303,0.6,0.1,0,1.791759469,14.43,0.07539,3.059204,0.010522,0.074528,-0.582292,0.027455
5,98,2.303,0.6,0.1,0,1.791759469,13.97,0.20741,1.423988,0.030939,0.137604,1.783042,0.029991
6,98,2.197,0.556,0.222,0,1.609437912,14.97,0.23463,0.772654,0.029755,0.074351,-0.017025,0.020303
7,98,2.197,0.556,0.222,0,1.609437912,16.22,0.2842,0.552013,-0.014376,-0.02884,-1.6882,0.028947
8,98,2.197,0.556,0.222,0,1.609437912,15.43,0.25421,0.599088,0.020698,0.041467,2.695,0.031237
1,99,1.946,0.571,0.143,0,1.386294361,5.06,0.2936,0.787181,0.075673,0.194542,1.625888,0.011247
2,99,1.792,0.5,0.167,0,1.386294361,5.06,0.29712,1.037236,0.023322,0.061279,-0.650497,0.010379
3,99,1.946,0.571,0.143,0,1.386294361,5.06,0.24331,0.273444,0.028161,0.062666,0.179345,0.009623
4,99,1.792,0.5,0.167,0,1.098612289,5.06,0.30865,0.111058,0.034331,0.053749,-0.19992,0.010682
5,99,1.792,0.5,0.167,0,1.386294361,5.06,0.34973,0.103015,0.039958,0.060027,0.170095,0.009737
6,99,1.792,0.5,0.333,0,1.386294361,4.32,0.26708,0.13615,-0.069883,-0.106539,-2.615,0.007194
7,99,1.946,0.429,0.143,0,1.386294361,4.56,0.28469,0.146427,-0.027971,-0.043056,0.629315,0.015002
8,99,1.792,0.333,0.167,0,1.098612289,2.86,0.29794,0.155809,0.054926,0.090355,3.153,0.024216
1,100,1.946,0.571,0.143,1,1.386294361,5.3,0.21053,0.194541,0.050309,0.070232,0.018987,0.0166
2,100,1.946,0.571,0.143,1,1.386294361,6.3,0.16726,0.085471,0.05965,0.087326,0.341615,0.013812
3,100,1.946,0.571,0.143,1,1.386294361,7.3,0.19305,0.151703,0.047415,0.068417,-0.13966,0.017995
4,100,1.946,0.571,0.143,1,1.386294361,8.3,0.24273,0.278063,0.049043,0.077643,0.211659,0.020989
5,100,1.946,0.571,0.143,1,1.098612289,7.93,0.23149,0.19751,0.076533,0.1157,0.687639,0.020051
6,100,1.946,0.571,0.286,1,1.098612289,8.93,0.32651,0.176006,0.061699,0.082759,-0.168421,0.013059
7,100,1.946,0.571,0.286,1,1.098612289,9.93,0.30576,0.163708,0.063527,0.08215,0.072257,0.019577
8,100,1.946,0.571,0.286,0,1.098612289,10.93,0.26345,0.274139,0.075482,0.105846,0.416626,0.025141
1,101,2.079,0.5,0.125,1,1.386294361,5.4,0.22582,0.913399,0.030636,0.097759,0.012249,0.015049
2,101,2.079,0.5,0.125,1,1.386294361,6.06,0.21796,1.182966,0.042311,0.15206,0.788926,0.011383
3,101,2.079,0.5,0.125,0,1.386294361,6.06,0.22784,1.242967,0.015862,0.0615,-0.565841,0.012209
4,101,2.079,0.5,0.125,0,1.386294361,6.06,0.25268,1.494247,0.020683,0.081181,0.402266,0.013273
5,101,2.079,0.5,0.125,0,1.386294361,6.06,0.27572,1.956138,0.017437,0.092775,0.119192,0.011831
6,101,2.197,0.556,0.222,0,1.386294361,6.06,0.27011,1.844075,0.013788,0.084095,-0.040614,0.010464
7,101,2.197,0.556,0.222,0,1.386294361,6.06,0.238,0.690265,0.098505,0.462349,5.528692,0.012087
8,101,2.197,0.556,0.222,0,1.386294361,6.06,0.82857,0.776399,0.040236,0.145847,-0.586599,0.013515
1,102,2.303,0.5,0.1,1,1.098612289,23.86,0.77626,1.482555,0.005287,0.020856,-0.723788,0.015271
2,102,2.079,0.5,0.125,1,1.098612289,23.14,0.69502,1.686233,0.011698,0.046041,1.212245,0.013733
3,102,2.079,0.5,0.125,1,1.098612289,24.14,0.6862,1.492168,0.02347,0.08357,1.023985,0.015198
4,102,2.079,0.5,0.125,1,1.098612289,7.78,0.70697,1.105029,0.031262,0.096908,0.443026,0.017302
5,102,2.079,0.5,0.125,1,1.098612289,5.77,0.71122,0.903416,0.045239,0.133106,0.735944,0.016534
6,102,2.079,0.5,0.125,0,1.098612289,6.77,0.70136,0.733623,0.032399,0.093207,-0.205968,0.014782
7,102,1.946,0.571,0.143,0,1.098612289,7.14,0.78494,0.661653,0.005254,0.013177,-0.845555,0.017355
8,102,2.079,0.5,0.125,0,1.098612289,8.14,0.88212,0.441899,0.018452,0.040848,2.949555,0.019106
1,103,2.079,0.625,0.125,0,1.609437912,6.96,0.24381,0.841577,0.040803,0.100786,0.012516,0.012454
2,103,2.079,0.625,0.125,0,1.609437912,8.1,0.34313,0.86952,0.023976,0.061395,-0.355995,0.010189
3,103,1.946,0.571,0.143,0,1.386294361,9.28,0.44898,0.824176,0.020713,0.061758,0.06142,0.010746
4,103,1.792,0.667,0.167,0,1.386294361,10.28,0.49019,0.83351,0.024207,0.080108,0.367089,0.01227
5,103,1.792,0.667,0.167,0,1.386294361,7.23,0.43667,1.09581,0.030042,0.11882,0.381393,0.012485
6,103,2.079,0.5,0.125,0,1.098612289,7.32,0.40041,1.287751,0.025889,0.12088,-0.052346,0.008945
7,103,1.946,0.571,0.143,0,1.098612289,10.26,0.30628,1.256987,0.005605,0.025634,-0.778713,0.011531
8,103,1.792,0.5,0.167,0,1.098612289,9.11,0.31789,1.043816,0.015224,0.071409,1.780822,0.013717
1,104,2.303,0.5,0.1,0,1.386294361,4.5,0.36308,0.342623,0.000095,0.000166,-0.957447,0.007239
2,104,2.303,0.5,0.1,0,1.386294361,4.77,0.55655,0.455861,-0.003599,-0.007271,-0.957447,0.006746
3,104,2.303,0.5,0.1,1,1.098612289,5.61,0.46599,0.512639,-0.01072,-0.02395,-1.997852,0.007297
4,104,2.303,0.5,0.1,1,1.098612289,6.61,0.41847,0.672387,-0.038094,-0.094977,-2.368425,0.007919
5,104,2.197,0.444,0.222,1,1.098612289,6.95,0.37267,0.763193,-0.038912,-0.111813,-0.058252,0.007475
6,104,1.792,0.5,0.333,1,1.098612289,7.44,0.36456,1.103649,-0.061171,-0.220381,-0.577982,0.007858
7,104,1.946,0.571,0.143,1,1.386294361,7.53,0.35242,2.057277,-0.024175,-0.117331,0.594186,0.008983
8,104,1.792,0.667,0.167,1,1.098612289,6.9,0.31861,1.949475,0.003344,0.016702,0.594186,0.010953
1,105,1.946,0.571,0.143,0,1.386294361,9.19,0.46554,0.319162,0.023267,0.034994,0.410029,0.005146
2,105,1.946,0.571,0.143,0,1.386294361,8.95,0.08128,0.351953,0.01124,0.01681,-0.512936,0.00497
3,105,1.946,0.571,0.143,0,1.386294361,9.95,0.40264,0.39461,0.011911,0.018432,0.114894,0.005761
4,105,1.792,0.5,0.167,0,1.386294361,10.95,0.40664,0.614768,0.009562,0.016062,-0.122137,0.006238
5,105,2.197,0.444,0.222,0,1.386294361,8.55,0.40817,0.625845,0.007071,0.012766,-0.369565,0.006719
6,105,2.079,0.5,0.125,0,1.386294361,11.32,0.42206,0.669678,0.006311,0.011631,-0.324138,0.005856
7,105,2.079,0.5,0.125,0,1.098612289,11.35,0.41468,0.655608,0.00278,0.00513,-0.561224,0.008057
8,105,1.946,0.571,0.143,0,1.098612289,8.24,0.05262,0.365728,0.012565,0.021997,3.465116,0.008417
1,106,1.792,0.667,0,1,1.386294361,3.49,0.3005,0.698325,0.019271,0.064681,-0.548451,0.010062
2,106,2.079,0.5,0.125,1,1.386294361,3.49,0.84115,0.736061,0.037515,0.104855,1.386983,0.009389
3,106,1.792,0.5,0.167,1,1.098612289,4.85,0.80394,0.50578,0.050142,0.118945,-0.37325,0.011309
4,106,1.792,0.5,0.167,1,1.386294361,5.85,0.67997,0.191331,0.058399,0.096789,0.968254,0.019127
5,106,1.609,0.6,0.2,1,1.098612289,6.85,0.67981,0.161496,0.060045,0.083288,-0.031063,0.019277
6,106,1.792,0.5,0.333,1,1.386294361,6.13,0.77844,0.236925,0.018289,0.026523,-0.675092,0.010479
7,106,1.792,0.5,0.333,1,1.386294361,7.13,0.81106,0.248138,0.010204,0.015193,-0.434535,0.012877
8,106,1.946,0.571,0.286,1,1.609437912,4.32,0.79963,0.282475,0.005256,0.009021,-0.399329,0.016081
1,107,2.398,0.545,0.091,0,1.098612289,3.56,0.60319,0.908422,0.016366,0.035329,0.106061,0.007393
2,107,2.398,0.545,0.091,0,1.386294361,3.99,0.41156,1.844711,0.016934,0.053041,0.243151,0.009228
3,107,2.303,0.5,0.1,0,1.098612289,5.06,0.31152,1.979342,0.021635,0.098775,0.192837,0.010077
4,107,2.079,0.5,0.125,0,1.098612289,6.04,0.36468,0.980322,0.122794,0.59053,4.773672,0.012301
5,107,2.079,0.5,0.125,0,1.098612289,7.04,0.45904,1.102589,0.027798,0.126167,-0.7792,0.010097
6,107,2.079,0.5,0.125,0,1.098612289,5.61,0.31363,0.766909,0.008784,0.031945,-0.758152,0.008493
7,107,1.946,0.571,0.143,0,1.098612289,5.89,0.30563,0.350116,0.000429,0.001222,-0.962547,0.010205
8,107,1.792,0.667,0.167,0,1.386294361,4.73,0.20776,0.387918,-0.016566,-0.039649,-0.962547,0.01152
1,108,1.946,0.571,0.143,1,1.386294361,15.83,0.26054,0.793133,0.026809,0.059869,-0.183673,0.008472
2,108,1.792,0.5,0.167,0,1.098612289,15.83,0.25364,0.917139,0.016162,0.038023,-0.376786,0.005761
3,108,1.792,0.5,0.167,0,1.386294361,14.17,0.11641,0.421614,0.021872,0.055446,0.558739,0.008772
4,108,1.792,0.5,0.167,0,1.386294361,15.17,0.08838,0.340899,0.014007,0.038408,-0.292279,0.011341
5,108,1.792,0.5,0.167,0,1.386294361,13.54,0.0899,0.607842,0.014731,0.053813,0.251948,0.009877
6,108,1.792,0.5,0.167,0,1.386294361,12.58,0.11728,1.407039,0.01051,0.046863,-0.226141,0.008669
7,108,1.792,0.5,0.167,0,1.386294361,13.58,0.11955,1.49741,-0.000481,-0.002084,-0.226141,0.009721
8,108,2.079,0.5,0.125,0,1.386294361,10.44,0.12667,1.282264,0.017313,0.074966,-0.226141,0.010567
1,109,2.303,0.5,0.3,1,1.791759469,10.64,0.05323,0.36602,0.033168,0.079319,-0.290535,0.014104
2,109,2.303,0.5,0.3,1,1.791759469,10.64,0.11056,0.728127,0.024317,0.072541,-0.098608,0.010001
3,109,2.303,0.5,0.3,1,1.791759469,10.7,0.10991,0.673726,0.030855,0.105123,0.481338,0.011752
4,109,2.303,0.5,0.3,0,1.791759469,11.7,0.0576,0.578889,0.043849,0.130623,0.392702,0.014762
5,109,2.303,0.5,0.3,0,1.791759469,12.7,0.04836,0.95389,0.023944,0.082681,-0.379289,0.012935
6,109,2.303,0.5,0.3,0,1.791759469,13.7,0.05095,0.81205,0.019675,0.082977,-0.040201,0.010017
7,109,2.485,0.5,0.25,0,2.079441542,14.7,0.03818,0.758414,-0.001447,-0.006137,-0.040201,0.012114
8,109,2.485,0.5,0.167,0,1.791759469,9.06,0.03695,0.558893,0.020177,0.0857,-0.040201,0.012988
1,110,1.946,0.429,0.143,0,1.098612289,7.96,0.09986,0.071963,0,0,0.995951,0.02697
2,110,1.946,0.429,0.143,0,1.098612289,7.96,0.08884,0.103906,0.089601,0.180349,1.096926,0.01576
3,110,1.946,0.429,0.143,0,1.098612289,8.96,0.18051,0.108899,0.055759,0.097595,-0.366695,0.023075
4,110,1.946,0.429,0.143,0,1.098612289,9.96,0.14633,0.161589,0.03118,0.051369,-0.429488,0.016483
5,110,2.079,0.625,0.25,0,1.098612289,10.96,0.19316,0.186383,0.011372,0.017808,-0.63955,0.013415
6,110,2.079,0.625,0.25,0,1.098612289,10.58,0.2214,0.151818,-0.025582,-0.039489,-0.63955,0.007953
7,110,2.079,0.625,0.25,0,1.098612289,11.58,0.22494,0.083125,0.00137,0.002293,-0.63955,0.014452
8,110,2.079,0.625,0.25,0,1.098612289,12.58,0.19699,0.236468,-0.004396,-0.00947,-0.63955,0.013555
1,111,1.792,0.5,0.167,1,1.386294361,5.32,0.02734,0.522837,0.022709,0.063268,0.584245,0.010024
2,111,1.792,0.5,0.167,1,1.386294361,5.32,0.01537,0.620657,0.034813,0.098078,0.650552,0.010326
3,111,1.792,0.5,0.167,1,1.386294361,6.32,0.01433,0.780528,0.048691,0.136637,0.53714,0.011547
4,111,1.792,0.5,0.167,1,1.386294361,7.32,0.01237,0.81978,0.055738,0.154123,0.262336,0.011905
5,111,1.792,0.5,0.167,1,1.386294361,6.57,0.01019,1.240247,0.044049,0.128149,-0.085698,0.010332
6,111,1.792,0.5,0.167,1,1.098612289,7.57,0.00164,1.308803,0.016982,0.052326,-0.565308,0.007925
7,111,1.792,0.5,0.167,1,1.098612289,8.57,0.00176,0.983792,0.015601,0.046304,-0.077228,0.008697
8,111,1.792,0.5,0.167,1,1.098612289,9.57,0.00001,0.338466,-0.123306,-0.124847,0.504,0.025849
